ID_BVOTE,NUM_ARROND,TOUR,CANDIDAT,NB_VOTE
13-1,13,2,M. PENG Chang Hua,71.0
13-2,13,2,M. PENG Chang Hua,40.0
13-3,13,2,M. PENG Chang Hua,39.0
13-4,13,2,M. PENG Chang Hua,28.0
13-5,13,2,M. PENG Chang Hua,47.0
13-6,13,2,M. PENG Chang Hua,44.0
13-7,13,2,M. PENG Chang Hua,55.0
13-8,13,2,M. PENG Chang Hua,43.0
13-9,13,2,M. PENG Chang Hua,25.0
13-10,13,2,M. PENG Chang Hua,22.0
13-11,13,2,M. PENG Chang Hua,44.0
13-12,13,2,M. PENG Chang Hua,31.0
13-13,13,2,M. PENG Chang Hua,65.0
13-14,13,2,M. PENG Chang Hua,38.0
13-15,13,2,M. PENG Chang Hua,50.0
13-16,13,2,M. PENG Chang Hua,42.0
13-17,13,2,M. PENG Chang Hua,64.0
13-18,13,2,M. PENG Chang Hua,28.0
13-19,13,2,M. PENG Chang Hua,59.0
13-20,13,2,M. PENG Chang Hua,51.0
13-21,13,2,M. PENG Chang Hua,29.0
13-22,13,2,M. PENG Chang Hua,14.0
13-23,13,2,M. PENG Chang Hua,48.0
13-24,13,2,M. PENG Chang Hua,31.0
13-25,13,2,M. PENG Chang Hua,47.0
13-26,13,2,M. PENG Chang Hua,38.0
13-27,13,2,M. PENG Chang Hua,46.0
13-28,13,2,M. PENG Chang Hua,69.0
13-29,13,2,M. PENG Chang Hua,33.0
13-30,13,2,M. PENG Chang Hua,44.0
13-31,13,2,M. PENG Chang Hua,65.0
13-32,13,2,M. PENG Chang Hua,38.0
13-33,13,2,M. PENG Chang Hua,15.0
13-34,13,2,M. PENG Chang Hua,81.0
13-35,13,2,M. PENG Chang Hua,34.0
13-36,13,2,M. PENG Chang Hua,61.0
13-37,13,2,M. PENG Chang Hua,40.0
13-38,13,2,M. PENG Chang Hua,54.0
13-39,13,2,M. PENG Chang Hua,42.0
13-40,13,2,M. PENG Chang Hua,62.0
13-41,13,2,M. PENG Chang Hua,44.0
13-42,13,2,M. PENG Chang Hua,38.0
13-43,13,2,M. PENG Chang Hua,54.0
13-44,13,2,M. PENG Chang Hua,28.0
13-45,13,2,M. PENG Chang Hua,38.0
13-46,13,2,M. PENG Chang Hua,49.0
13-47,13,2,M. PENG Chang Hua,70.0
13-48,13,2,M. PENG Chang Hua,53.0
13-49,13,2,M. PENG Chang Hua,65.0
13-50,13,2,M. PENG Chang Hua,55.0
13-51,13,2,M. PENG Chang Hua,72.0
13-52,13,2,M. PENG Chang Hua,78.0
13-53,13,2,M. PENG Chang Hua,35.0
13-54,13,2,M. PENG Chang Hua,68.0
13-55,13,2,M. PENG Chang Hua,40.0
13-56,13,2,M. PENG Chang Hua,46.0
13-57,13,2,M. PENG Chang Hua,56.0
13-58,13,2,M. PENG Chang Hua,80.0
13-59,13,2,M. PENG Chang Hua,85.0
13-60,13,2,M. PENG Chang Hua,60.0
13-61,13,2,M. PENG Chang Hua,78.0
13-62,13,2,M. PENG Chang Hua,86.0
13-63,13,2,M. PENG Chang Hua,86.0
13-64,13,2,M. PENG Chang Hua,65.0
13-65,13,2,M. PENG Chang Hua,77.0
13-66,13,2,M. PENG Chang Hua,83.0
13-67,13,2,M. PENG Chang Hua,52.0
13-68,13,2,M. PENG Chang Hua,39.0
13-69,13,2,M. PENG Chang Hua,50.0
13-70,13,2,M. PENG Chang Hua,40.0
13-71,13,2,M. PENG Chang Hua,59.0
13-1,13,2,M. COUMET Jérôme,423.0
13-2,13,2,M. COUMET Jérôme,328.0
13-3,13,2,M. COUMET Jérôme,398.0
13-4,13,2,M. COUMET Jérôme,214.0
13-5,13,2,M. COUMET Jérôme,369.0
13-6,13,2,M. COUMET Jérôme,289.0
13-7,13,2,M. COUMET Jérôme,324.0
13-8,13,2,M. COUMET Jérôme,346.0
13-9,13,2,M. COUMET Jérôme,287.0
13-10,13,2,M. COUMET Jérôme,256.0
13-11,13,2,M. COUMET Jérôme,273.0
13-12,13,2,M. COUMET Jérôme,262.0
13-13,13,2,M. COUMET Jérôme,439.0
13-14,13,2,M. COUMET Jérôme,271.0
13-15,13,2,M. COUMET Jérôme,284.0
13-16,13,2,M. COUMET Jérôme,393.0
13-17,13,2,M. COUMET Jérôme,351.0
13-18,13,2,M. COUMET Jérôme,302.0
13-19,13,2,M. COUMET Jérôme,267.0
13-20,13,2,M. COUMET Jérôme,237.0
13-21,13,2,M. COUMET Jérôme,186.0
13-22,13,2,M. COUMET Jérôme,264.0
13-23,13,2,M. COUMET Jérôme,315.0
13-24,13,2,M. COUMET Jérôme,263.0
13-25,13,2,M. COUMET Jérôme,294.0
13-26,13,2,M. COUMET Jérôme,402.0
13-27,13,2,M. COUMET Jérôme,419.0
13-28,13,2,M. COUMET Jérôme,427.0
13-29,13,2,M. COUMET Jérôme,234.0
13-30,13,2,M. COUMET Jérôme,378.0
13-31,13,2,M. COUMET Jérôme,306.0
13-32,13,2,M. COUMET Jérôme,324.0
13-33,13,2,M. COUMET Jérôme,77.0
13-34,13,2,M. COUMET Jérôme,420.0
13-35,13,2,M. COUMET Jérôme,269.0
13-36,13,2,M. COUMET Jérôme,354.0
13-37,13,2,M. COUMET Jérôme,286.0
13-38,13,2,M. COUMET Jérôme,227.0
13-39,13,2,M. COUMET Jérôme,301.0
13-40,13,2,M. COUMET Jérôme,428.0
13-41,13,2,M. COUMET Jérôme,388.0
13-42,13,2,M. COUMET Jérôme,252.0
13-43,13,2,M. COUMET Jérôme,441.0
13-44,13,2,M. COUMET Jérôme,255.0
13-45,13,2,M. COUMET Jérôme,245.0
13-46,13,2,M. COUMET Jérôme,245.0
13-47,13,2,M. COUMET Jérôme,481.0
13-48,13,2,M. COUMET Jérôme,450.0
13-49,13,2,M. COUMET Jérôme,434.0
13-50,13,2,M. COUMET Jérôme,462.0
13-51,13,2,M. COUMET Jérôme,408.0
13-52,13,2,M. COUMET Jérôme,349.0
13-53,13,2,M. COUMET Jérôme,244.0
13-54,13,2,M. COUMET Jérôme,463.0
13-55,13,2,M. COUMET Jérôme,265.0
13-56,13,2,M. COUMET Jérôme,398.0
13-57,13,2,M. COUMET Jérôme,381.0
13-58,13,2,M. COUMET Jérôme,437.0
13-59,13,2,M. COUMET Jérôme,404.0
13-60,13,2,M. COUMET Jérôme,380.0
13-61,13,2,M. COUMET Jérôme,405.0
13-62,13,2,M. COUMET Jérôme,424.0
13-63,13,2,M. COUMET Jérôme,322.0
13-64,13,2,M. COUMET Jérôme,355.0
13-65,13,2,M. COUMET Jérôme,436.0
13-66,13,2,M. COUMET Jérôme,374.0
13-67,13,2,M. COUMET Jérôme,334.0
13-68,13,2,M. COUMET Jérôme,387.0
13-69,13,2,M. COUMET Jérôme,356.0
13-70,13,2,M. COUMET Jérôme,250.0
13-71,13,2,M. COUMET Jérôme,293.0
13-1,13,2,M. OLIVIER Jean-Baptiste,166.0
13-2,13,2,M. OLIVIER Jean-Baptiste,132.0
13-3,13,2,M. OLIVIER Jean-Baptiste,136.0
13-4,13,2,M. OLIVIER Jean-Baptiste,106.0
13-5,13,2,M. OLIVIER Jean-Baptiste,132.0
13-6,13,2,M. OLIVIER Jean-Baptiste,107.0
13-7,13,2,M. OLIVIER Jean-Baptiste,115.0
13-8,13,2,M. OLIVIER Jean-Baptiste,119.0
13-9,13,2,M. OLIVIER Jean-Baptiste,104.0
13-10,13,2,M. OLIVIER Jean-Baptiste,142.0
13-11,13,2,M. OLIVIER Jean-Baptiste,137.0
13-12,13,2,M. OLIVIER Jean-Baptiste,130.0
13-13,13,2,M. OLIVIER Jean-Baptiste,115.0
13-14,13,2,M. OLIVIER Jean-Baptiste,138.0
13-15,13,2,M. OLIVIER Jean-Baptiste,116.0
13-16,13,2,M. OLIVIER Jean-Baptiste,146.0
13-17,13,2,M. OLIVIER Jean-Baptiste,130.0
13-18,13,2,M. OLIVIER Jean-Baptiste,134.0
13-19,13,2,M. OLIVIER Jean-Baptiste,135.0
13-20,13,2,M. OLIVIER Jean-Baptiste,152.0
13-21,13,2,M. OLIVIER Jean-Baptiste,140.0
13-22,13,2,M. OLIVIER Jean-Baptiste,117.0
13-23,13,2,M. OLIVIER Jean-Baptiste,127.0
13-24,13,2,M. OLIVIER Jean-Baptiste,108.0
13-25,13,2,M. OLIVIER Jean-Baptiste,142.0
13-26,13,2,M. OLIVIER Jean-Baptiste,170.0
13-27,13,2,M. OLIVIER Jean-Baptiste,120.0
13-28,13,2,M. OLIVIER Jean-Baptiste,158.0
13-29,13,2,M. OLIVIER Jean-Baptiste,86.0
13-30,13,2,M. OLIVIER Jean-Baptiste,154.0
13-31,13,2,M. OLIVIER Jean-Baptiste,150.0
13-32,13,2,M. OLIVIER Jean-Baptiste,107.0
13-33,13,2,M. OLIVIER Jean-Baptiste,44.0
13-34,13,2,M. OLIVIER Jean-Baptiste,202.0
13-35,13,2,M. OLIVIER Jean-Baptiste,111.0
13-36,13,2,M. OLIVIER Jean-Baptiste,140.0
13-37,13,2,M. OLIVIER Jean-Baptiste,126.0
13-38,13,2,M. OLIVIER Jean-Baptiste,154.0
13-39,13,2,M. OLIVIER Jean-Baptiste,141.0
13-40,13,2,M. OLIVIER Jean-Baptiste,170.0
13-41,13,2,M. OLIVIER Jean-Baptiste,149.0
13-42,13,2,M. OLIVIER Jean-Baptiste,108.0
13-43,13,2,M. OLIVIER Jean-Baptiste,147.0
13-44,13,2,M. OLIVIER Jean-Baptiste,133.0
13-45,13,2,M. OLIVIER Jean-Baptiste,92.0
13-46,13,2,M. OLIVIER Jean-Baptiste,144.0
13-47,13,2,M. OLIVIER Jean-Baptiste,190.0
13-48,13,2,M. OLIVIER Jean-Baptiste,147.0
13-49,13,2,M. OLIVIER Jean-Baptiste,162.0
13-50,13,2,M. OLIVIER Jean-Baptiste,171.0
13-51,13,2,M. OLIVIER Jean-Baptiste,188.0
13-52,13,2,M. OLIVIER Jean-Baptiste,131.0
13-53,13,2,M. OLIVIER Jean-Baptiste,105.0
13-54,13,2,M. OLIVIER Jean-Baptiste,159.0
13-55,13,2,M. OLIVIER Jean-Baptiste,133.0
13-56,13,2,M. OLIVIER Jean-Baptiste,185.0
13-57,13,2,M. OLIVIER Jean-Baptiste,146.0
13-58,13,2,M. OLIVIER Jean-Baptiste,149.0
13-59,13,2,M. OLIVIER Jean-Baptiste,186.0
13-60,13,2,M. OLIVIER Jean-Baptiste,108.0
13-61,13,2,M. OLIVIER Jean-Baptiste,192.0
13-62,13,2,M. OLIVIER Jean-Baptiste,218.0
13-63,13,2,M. OLIVIER Jean-Baptiste,160.0
13-64,13,2,M. OLIVIER Jean-Baptiste,116.0
13-65,13,2,M. OLIVIER Jean-Baptiste,174.0
13-66,13,2,M. OLIVIER Jean-Baptiste,173.0
13-67,13,2,M. OLIVIER Jean-Baptiste,160.0
13-68,13,2,M. OLIVIER Jean-Baptiste,115.0
13-69,13,2,M. OLIVIER Jean-Baptiste,135.0
13-70,13,2,M. OLIVIER Jean-Baptiste,107.0
13-71,13,2,M. OLIVIER Jean-Baptiste,115.0
12-1,12,2,M. GRÉGOIRE Emmanuel,325.0
12-2,12,2,M. GRÉGOIRE Emmanuel,285.0
12-3,12,2,M. GRÉGOIRE Emmanuel,252.0
12-4,12,2,M. GRÉGOIRE Emmanuel,274.0
12-5,12,2,M. GRÉGOIRE Emmanuel,252.0
12-6,12,2,M. GRÉGOIRE Emmanuel,306.0
12-7,12,2,M. GRÉGOIRE Emmanuel,328.0
12-8,12,2,M. GRÉGOIRE Emmanuel,251.0
12-9,12,2,M. GRÉGOIRE Emmanuel,231.0
12-10,12,2,M. GRÉGOIRE Emmanuel,323.0
12-11,12,2,M. GRÉGOIRE Emmanuel,300.0
12-12,12,2,M. GRÉGOIRE Emmanuel,359.0
12-13,12,2,M. GRÉGOIRE Emmanuel,362.0
12-14,12,2,M. GRÉGOIRE Emmanuel,226.0
12-15,12,2,M. GRÉGOIRE Emmanuel,317.0
12-16,12,2,M. GRÉGOIRE Emmanuel,267.0
12-17,12,2,M. GRÉGOIRE Emmanuel,259.0
12-18,12,2,M. GRÉGOIRE Emmanuel,383.0
12-19,12,2,M. GRÉGOIRE Emmanuel,319.0
12-20,12,2,M. GRÉGOIRE Emmanuel,313.0
12-21,12,2,M. GRÉGOIRE Emmanuel,315.0
12-22,12,2,M. GRÉGOIRE Emmanuel,281.0
12-23,12,2,M. GRÉGOIRE Emmanuel,244.0
12-24,12,2,M. GRÉGOIRE Emmanuel,307.0
12-25,12,2,M. GRÉGOIRE Emmanuel,268.0
12-26,12,2,M. GRÉGOIRE Emmanuel,232.0
12-27,12,2,M. GRÉGOIRE Emmanuel,317.0
12-28,12,2,M. GRÉGOIRE Emmanuel,224.0
12-29,12,2,M. GRÉGOIRE Emmanuel,194.0
12-30,12,2,M. GRÉGOIRE Emmanuel,285.0
12-31,12,2,M. GRÉGOIRE Emmanuel,290.0
12-32,12,2,M. GRÉGOIRE Emmanuel,302.0
12-33,12,2,M. GRÉGOIRE Emmanuel,282.0
12-34,12,2,M. GRÉGOIRE Emmanuel,314.0
12-35,12,2,M. GRÉGOIRE Emmanuel,264.0
12-36,12,2,M. GRÉGOIRE Emmanuel,245.0
12-37,12,2,M. GRÉGOIRE Emmanuel,215.0
12-38,12,2,M. GRÉGOIRE Emmanuel,292.0
12-39,12,2,M. GRÉGOIRE Emmanuel,224.0
12-40,12,2,M. GRÉGOIRE Emmanuel,270.0
12-41,12,2,M. GRÉGOIRE Emmanuel,260.0
12-42,12,2,M. GRÉGOIRE Emmanuel,288.0
12-43,12,2,M. GRÉGOIRE Emmanuel,203.0
12-44,12,2,M. GRÉGOIRE Emmanuel,248.0
12-45,12,2,M. GRÉGOIRE Emmanuel,162.0
12-46,12,2,M. GRÉGOIRE Emmanuel,263.0
12-47,12,2,M. GRÉGOIRE Emmanuel,254.0
12-48,12,2,M. GRÉGOIRE Emmanuel,293.0
12-49,12,2,M. GRÉGOIRE Emmanuel,355.0
12-50,12,2,M. GRÉGOIRE Emmanuel,311.0
12-51,12,2,M. GRÉGOIRE Emmanuel,276.0
12-52,12,2,M. GRÉGOIRE Emmanuel,298.0
12-53,12,2,M. GRÉGOIRE Emmanuel,423.0
12-54,12,2,M. GRÉGOIRE Emmanuel,258.0
12-55,12,2,M. GRÉGOIRE Emmanuel,413.0
12-56,12,2,M. GRÉGOIRE Emmanuel,410.0
12-57,12,2,M. GRÉGOIRE Emmanuel,375.0
12-58,12,2,M. GRÉGOIRE Emmanuel,378.0
12-59,12,2,M. GRÉGOIRE Emmanuel,322.0
12-60,12,2,M. GRÉGOIRE Emmanuel,316.0
12-61,12,2,M. GRÉGOIRE Emmanuel,315.0
12-62,12,2,M. GRÉGOIRE Emmanuel,399.0
12-63,12,2,M. GRÉGOIRE Emmanuel,277.0
12-64,12,2,M. GRÉGOIRE Emmanuel,277.0
12-1,12,2,Mme MAZETIER Sandrine,50.0
12-2,12,2,Mme MAZETIER Sandrine,30.0
12-3,12,2,Mme MAZETIER Sandrine,65.0
12-4,12,2,Mme MAZETIER Sandrine,54.0
12-5,12,2,Mme MAZETIER Sandrine,67.0
12-6,12,2,Mme MAZETIER Sandrine,74.0
12-7,12,2,Mme MAZETIER Sandrine,109.0
12-8,12,2,Mme MAZETIER Sandrine,58.0
12-9,12,2,Mme MAZETIER Sandrine,52.0
12-10,12,2,Mme MAZETIER Sandrine,57.0
12-11,12,2,Mme MAZETIER Sandrine,61.0
12-12,12,2,Mme MAZETIER Sandrine,83.0
12-13,12,2,Mme MAZETIER Sandrine,73.0
12-14,12,2,Mme MAZETIER Sandrine,76.0
12-15,12,2,Mme MAZETIER Sandrine,64.0
12-16,12,2,Mme MAZETIER Sandrine,81.0
12-17,12,2,Mme MAZETIER Sandrine,75.0
12-18,12,2,Mme MAZETIER Sandrine,57.0
12-19,12,2,Mme MAZETIER Sandrine,84.0
12-20,12,2,Mme MAZETIER Sandrine,65.0
12-21,12,2,Mme MAZETIER Sandrine,77.0
12-22,12,2,Mme MAZETIER Sandrine,46.0
12-23,12,2,Mme MAZETIER Sandrine,64.0
12-24,12,2,Mme MAZETIER Sandrine,48.0
12-25,12,2,Mme MAZETIER Sandrine,61.0
12-26,12,2,Mme MAZETIER Sandrine,63.0
12-27,12,2,Mme MAZETIER Sandrine,45.0
12-28,12,2,Mme MAZETIER Sandrine,58.0
12-29,12,2,Mme MAZETIER Sandrine,61.0
12-30,12,2,Mme MAZETIER Sandrine,67.0
12-31,12,2,Mme MAZETIER Sandrine,67.0
12-32,12,2,Mme MAZETIER Sandrine,67.0
12-33,12,2,Mme MAZETIER Sandrine,59.0
12-34,12,2,Mme MAZETIER Sandrine,115.0
12-35,12,2,Mme MAZETIER Sandrine,82.0
12-36,12,2,Mme MAZETIER Sandrine,46.0
12-37,12,2,Mme MAZETIER Sandrine,60.0
12-38,12,2,Mme MAZETIER Sandrine,88.0
12-39,12,2,Mme MAZETIER Sandrine,65.0
12-40,12,2,Mme MAZETIER Sandrine,74.0
12-41,12,2,Mme MAZETIER Sandrine,80.0
12-42,12,2,Mme MAZETIER Sandrine,57.0
12-43,12,2,Mme MAZETIER Sandrine,44.0
12-44,12,2,Mme MAZETIER Sandrine,66.0
12-45,12,2,Mme MAZETIER Sandrine,36.0
12-46,12,2,Mme MAZETIER Sandrine,60.0
12-47,12,2,Mme MAZETIER Sandrine,53.0
12-48,12,2,Mme MAZETIER Sandrine,50.0
12-49,12,2,Mme MAZETIER Sandrine,81.0
12-50,12,2,Mme MAZETIER Sandrine,54.0
12-51,12,2,Mme MAZETIER Sandrine,64.0
12-52,12,2,Mme MAZETIER Sandrine,68.0
12-53,12,2,Mme MAZETIER Sandrine,97.0
12-54,12,2,Mme MAZETIER Sandrine,57.0
12-55,12,2,Mme MAZETIER Sandrine,63.0
12-56,12,2,Mme MAZETIER Sandrine,79.0
12-57,12,2,Mme MAZETIER Sandrine,69.0
12-58,12,2,Mme MAZETIER Sandrine,74.0
12-59,12,2,Mme MAZETIER Sandrine,46.0
12-60,12,2,Mme MAZETIER Sandrine,57.0
12-61,12,2,Mme MAZETIER Sandrine,57.0
12-62,12,2,Mme MAZETIER Sandrine,64.0
12-63,12,2,Mme MAZETIER Sandrine,44.0
12-64,12,2,Mme MAZETIER Sandrine,83.0
12-1,12,2,Mme MONTANDON Valérie,143.0
12-2,12,2,Mme MONTANDON Valérie,122.0
12-3,12,2,Mme MONTANDON Valérie,158.0
12-4,12,2,Mme MONTANDON Valérie,196.0
12-5,12,2,Mme MONTANDON Valérie,238.0
12-6,12,2,Mme MONTANDON Valérie,211.0
12-7,12,2,Mme MONTANDON Valérie,273.0
12-8,12,2,Mme MONTANDON Valérie,182.0
12-9,12,2,Mme MONTANDON Valérie,138.0
12-10,12,2,Mme MONTANDON Valérie,151.0
12-11,12,2,Mme MONTANDON Valérie,168.0
12-12,12,2,Mme MONTANDON Valérie,160.0
12-13,12,2,Mme MONTANDON Valérie,159.0
12-14,12,2,Mme MONTANDON Valérie,197.0
12-15,12,2,Mme MONTANDON Valérie,171.0
12-16,12,2,Mme MONTANDON Valérie,210.0
12-17,12,2,Mme MONTANDON Valérie,233.0
12-18,12,2,Mme MONTANDON Valérie,176.0
12-19,12,2,Mme MONTANDON Valérie,154.0
12-20,12,2,Mme MONTANDON Valérie,182.0
12-21,12,2,Mme MONTANDON Valérie,215.0
12-22,12,2,Mme MONTANDON Valérie,142.0
12-23,12,2,Mme MONTANDON Valérie,173.0
12-24,12,2,Mme MONTANDON Valérie,138.0
12-25,12,2,Mme MONTANDON Valérie,187.0
12-26,12,2,Mme MONTANDON Valérie,218.0
12-27,12,2,Mme MONTANDON Valérie,179.0
12-28,12,2,Mme MONTANDON Valérie,181.0
12-29,12,2,Mme MONTANDON Valérie,200.0
12-30,12,2,Mme MONTANDON Valérie,252.0
12-31,12,2,Mme MONTANDON Valérie,208.0
12-32,12,2,Mme MONTANDON Valérie,218.0
12-33,12,2,Mme MONTANDON Valérie,199.0
12-34,12,2,Mme MONTANDON Valérie,226.0
12-35,12,2,Mme MONTANDON Valérie,268.0
12-36,12,2,Mme MONTANDON Valérie,172.0
12-37,12,2,Mme MONTANDON Valérie,161.0
12-38,12,2,Mme MONTANDON Valérie,184.0
12-39,12,2,Mme MONTANDON Valérie,169.0
12-40,12,2,Mme MONTANDON Valérie,139.0
12-41,12,2,Mme MONTANDON Valérie,171.0
12-42,12,2,Mme MONTANDON Valérie,157.0
12-43,12,2,Mme MONTANDON Valérie,135.0
12-44,12,2,Mme MONTANDON Valérie,198.0
12-45,12,2,Mme MONTANDON Valérie,153.0
12-46,12,2,Mme MONTANDON Valérie,177.0
12-47,12,2,Mme MONTANDON Valérie,146.0
12-48,12,2,Mme MONTANDON Valérie,137.0
12-49,12,2,Mme MONTANDON Valérie,143.0
12-50,12,2,Mme MONTANDON Valérie,144.0
12-51,12,2,Mme MONTANDON Valérie,163.0
12-52,12,2,Mme MONTANDON Valérie,142.0
12-53,12,2,Mme MONTANDON Valérie,196.0
12-54,12,2,Mme MONTANDON Valérie,150.0
12-55,12,2,Mme MONTANDON Valérie,156.0
12-56,12,2,Mme MONTANDON Valérie,126.0
12-57,12,2,Mme MONTANDON Valérie,128.0
12-58,12,2,Mme MONTANDON Valérie,146.0
12-59,12,2,Mme MONTANDON Valérie,149.0
12-60,12,2,Mme MONTANDON Valérie,122.0
12-61,12,2,Mme MONTANDON Valérie,215.0
12-62,12,2,Mme MONTANDON Valérie,123.0
12-63,12,2,Mme MONTANDON Valérie,154.0
12-64,12,2,Mme MONTANDON Valérie,158.0
6-1,6,2,Mme HERVIEU Céline    ,155.0
6-2,6,2,Mme HERVIEU Céline    ,153.0
6-3,6,2,Mme HERVIEU Céline    ,206.0
6-4,6,2,Mme HERVIEU Céline    ,149.0
6-5,6,2,Mme HERVIEU Céline    ,167.0
6-6,6,2,Mme HERVIEU Céline    ,168.0
6-7,6,2,Mme HERVIEU Céline    ,113.0
6-8,6,2,Mme HERVIEU Céline    ,109.0
6-9,6,2,Mme HERVIEU Céline    ,112.0
6-10,6,2,Mme HERVIEU Céline    ,138.0
6-11,6,2,Mme HERVIEU Céline    ,142.0
6-12,6,2,Mme HERVIEU Céline    ,117.0
6-13,6,2,Mme HERVIEU Céline    ,163.0
6-14,6,2,Mme HERVIEU Céline    ,145.0
6-15,6,2,Mme HERVIEU Céline    ,144.0
6-16,6,2,Mme HERVIEU Céline    ,170.0
6-17,6,2,Mme HERVIEU Céline    ,227.0
6-18,6,2,Mme HERVIEU Céline    ,144.0
6-19,6,2,Mme HERVIEU Céline    ,122.0
6-20,6,2,Mme HERVIEU Céline    ,124.0
6-21,6,2,Mme HERVIEU Céline    ,199.0
6-22,6,2,Mme HERVIEU Céline    ,174.0
6-1,6,2,M. GANTZER Gaspard    ,61.0
6-2,6,2,M. GANTZER Gaspard    ,74.0
6-3,6,2,M. GANTZER Gaspard    ,71.0
6-4,6,2,M. GANTZER Gaspard    ,68.0
6-5,6,2,M. GANTZER Gaspard    ,57.0
6-6,6,2,M. GANTZER Gaspard    ,50.0
6-7,6,2,M. GANTZER Gaspard    ,51.0
6-8,6,2,M. GANTZER Gaspard    ,75.0
6-9,6,2,M. GANTZER Gaspard    ,62.0
6-10,6,2,M. GANTZER Gaspard    ,102.0
6-11,6,2,M. GANTZER Gaspard    ,65.0
6-12,6,2,M. GANTZER Gaspard    ,74.0
6-13,6,2,M. GANTZER Gaspard    ,82.0
6-14,6,2,M. GANTZER Gaspard    ,48.0
6-15,6,2,M. GANTZER Gaspard    ,60.0
6-16,6,2,M. GANTZER Gaspard    ,81.0
6-17,6,2,M. GANTZER Gaspard    ,103.0
6-18,6,2,M. GANTZER Gaspard    ,51.0
6-19,6,2,M. GANTZER Gaspard    ,72.0
6-20,6,2,M. GANTZER Gaspard    ,81.0
6-21,6,2,M. GANTZER Gaspard    ,34.0
6-22,6,2,M. GANTZER Gaspard    ,86.0
6-1,6,2,M. LECOQ Jean-Pierre    ,237.0
6-2,6,2,M. LECOQ Jean-Pierre    ,270.0
6-3,6,2,M. LECOQ Jean-Pierre    ,272.0
6-4,6,2,M. LECOQ Jean-Pierre    ,189.0
6-5,6,2,M. LECOQ Jean-Pierre    ,193.0
6-6,6,2,M. LECOQ Jean-Pierre    ,216.0
6-7,6,2,M. LECOQ Jean-Pierre    ,206.0
6-8,6,2,M. LECOQ Jean-Pierre    ,183.0
6-9,6,2,M. LECOQ Jean-Pierre    ,182.0
6-10,6,2,M. LECOQ Jean-Pierre    ,227.0
6-11,6,2,M. LECOQ Jean-Pierre    ,251.0
6-12,6,2,M. LECOQ Jean-Pierre    ,271.0
6-13,6,2,M. LECOQ Jean-Pierre    ,309.0
6-14,6,2,M. LECOQ Jean-Pierre    ,271.0
6-15,6,2,M. LECOQ Jean-Pierre    ,251.0
6-16,6,2,M. LECOQ Jean-Pierre    ,281.0
6-17,6,2,M. LECOQ Jean-Pierre    ,294.0
6-18,6,2,M. LECOQ Jean-Pierre    ,225.0
6-19,6,2,M. LECOQ Jean-Pierre    ,236.0
6-20,6,2,M. LECOQ Jean-Pierre    ,269.0
6-21,6,2,M. LECOQ Jean-Pierre    ,213.0
6-22,6,2,M. LECOQ Jean-Pierre    ,263.0
10-1,10,2,M. FORT Bertil,124.0
10-2,10,2,M. FORT Bertil,121.0
10-3,10,2,M. FORT Bertil,130.0
10-4,10,2,M. FORT Bertil,96.0
10-5,10,2,M. FORT Bertil,104.0
10-6,10,2,M. FORT Bertil,128.0
10-7,10,2,M. FORT Bertil,94.0
10-8,10,2,M. FORT Bertil,103.0
10-9,10,2,M. FORT Bertil,155.0
10-10,10,2,M. FORT Bertil,99.0
10-11,10,2,M. FORT Bertil,100.0
10-12,10,2,M. FORT Bertil,63.0
10-13,10,2,M. FORT Bertil,80.0
10-14,10,2,M. FORT Bertil,90.0
10-15,10,2,M. FORT Bertil,102.0
10-16,10,2,M. FORT Bertil,100.0
10-17,10,2,M. FORT Bertil,142.0
10-18,10,2,M. FORT Bertil,131.0
10-19,10,2,M. FORT Bertil,125.0
10-20,10,2,M. FORT Bertil,99.0
10-21,10,2,M. FORT Bertil,101.0
10-22,10,2,M. FORT Bertil,101.0
10-23,10,2,M. FORT Bertil,113.0
10-24,10,2,M. FORT Bertil,104.0
10-25,10,2,M. FORT Bertil,128.0
10-26,10,2,M. FORT Bertil,126.0
10-27,10,2,M. FORT Bertil,118.0
10-28,10,2,M. FORT Bertil,159.0
10-29,10,2,M. FORT Bertil,144.0
10-30,10,2,M. FORT Bertil,147.0
10-31,10,2,M. FORT Bertil,123.0
10-32,10,2,M. FORT Bertil,97.0
10-33,10,2,M. FORT Bertil,96.0
10-34,10,2,M. FORT Bertil,132.0
10-35,10,2,M. FORT Bertil,127.0
10-36,10,2,M. FORT Bertil,110.0
10-37,10,2,M. FORT Bertil,100.0
10-38,10,2,M. FORT Bertil,126.0
10-39,10,2,M. FORT Bertil,110.0
10-1,10,2,Mme CORDEBARD Alexandra    ,414.0
10-2,10,2,Mme CORDEBARD Alexandra    ,436.0
10-3,10,2,Mme CORDEBARD Alexandra    ,426.0
10-4,10,2,Mme CORDEBARD Alexandra    ,371.0
10-5,10,2,Mme CORDEBARD Alexandra    ,342.0
10-6,10,2,Mme CORDEBARD Alexandra    ,377.0
10-7,10,2,Mme CORDEBARD Alexandra    ,363.0
10-8,10,2,Mme CORDEBARD Alexandra    ,427.0
10-9,10,2,Mme CORDEBARD Alexandra    ,365.0
10-10,10,2,Mme CORDEBARD Alexandra    ,415.0
10-11,10,2,Mme CORDEBARD Alexandra    ,427.0
10-12,10,2,Mme CORDEBARD Alexandra    ,459.0
10-13,10,2,Mme CORDEBARD Alexandra    ,387.0
10-14,10,2,Mme CORDEBARD Alexandra    ,468.0
10-15,10,2,Mme CORDEBARD Alexandra    ,379.0
10-16,10,2,Mme CORDEBARD Alexandra    ,355.0
10-17,10,2,Mme CORDEBARD Alexandra    ,217.0
10-18,10,2,Mme CORDEBARD Alexandra    ,278.0
10-19,10,2,Mme CORDEBARD Alexandra    ,241.0
10-20,10,2,Mme CORDEBARD Alexandra    ,353.0
10-21,10,2,Mme CORDEBARD Alexandra    ,279.0
10-22,10,2,Mme CORDEBARD Alexandra    ,380.0
10-23,10,2,Mme CORDEBARD Alexandra    ,314.0
10-24,10,2,Mme CORDEBARD Alexandra    ,323.0
10-25,10,2,Mme CORDEBARD Alexandra    ,382.0
10-26,10,2,Mme CORDEBARD Alexandra    ,350.0
10-27,10,2,Mme CORDEBARD Alexandra    ,362.0
10-28,10,2,Mme CORDEBARD Alexandra    ,328.0
10-29,10,2,Mme CORDEBARD Alexandra    ,319.0
10-30,10,2,Mme CORDEBARD Alexandra    ,333.0
10-31,10,2,Mme CORDEBARD Alexandra    ,269.0
10-32,10,2,Mme CORDEBARD Alexandra    ,337.0
10-33,10,2,Mme CORDEBARD Alexandra    ,334.0
10-34,10,2,Mme CORDEBARD Alexandra    ,341.0
10-35,10,2,Mme CORDEBARD Alexandra    ,323.0
10-36,10,2,Mme CORDEBARD Alexandra    ,376.0
10-37,10,2,Mme CORDEBARD Alexandra    ,331.0
10-38,10,2,Mme CORDEBARD Alexandra    ,435.0
10-39,10,2,Mme CORDEBARD Alexandra    ,420.0
10-1,10,2,M. AMELLAL Karim,43.0
10-2,10,2,M. AMELLAL Karim,74.0
10-3,10,2,M. AMELLAL Karim,57.0
10-4,10,2,M. AMELLAL Karim,49.0
10-5,10,2,M. AMELLAL Karim,53.0
10-6,10,2,M. AMELLAL Karim,51.0
10-7,10,2,M. AMELLAL Karim,59.0
10-8,10,2,M. AMELLAL Karim,87.0
10-9,10,2,M. AMELLAL Karim,91.0
10-10,10,2,M. AMELLAL Karim,52.0
10-11,10,2,M. AMELLAL Karim,64.0
10-12,10,2,M. AMELLAL Karim,31.0
10-13,10,2,M. AMELLAL Karim,40.0
10-14,10,2,M. AMELLAL Karim,38.0
10-15,10,2,M. AMELLAL Karim,53.0
10-16,10,2,M. AMELLAL Karim,41.0
10-17,10,2,M. AMELLAL Karim,23.0
10-18,10,2,M. AMELLAL Karim,50.0
10-19,10,2,M. AMELLAL Karim,51.0
10-20,10,2,M. AMELLAL Karim,52.0
10-21,10,2,M. AMELLAL Karim,41.0
10-22,10,2,M. AMELLAL Karim,47.0
10-23,10,2,M. AMELLAL Karim,64.0
10-24,10,2,M. AMELLAL Karim,35.0
10-25,10,2,M. AMELLAL Karim,43.0
10-26,10,2,M. AMELLAL Karim,39.0
10-27,10,2,M. AMELLAL Karim,37.0
10-28,10,2,M. AMELLAL Karim,45.0
10-29,10,2,M. AMELLAL Karim,74.0
10-30,10,2,M. AMELLAL Karim,61.0
10-31,10,2,M. AMELLAL Karim,66.0
10-32,10,2,M. AMELLAL Karim,62.0
10-33,10,2,M. AMELLAL Karim,60.0
10-34,10,2,M. AMELLAL Karim,78.0
10-35,10,2,M. AMELLAL Karim,87.0
10-36,10,2,M. AMELLAL Karim,66.0
10-37,10,2,M. AMELLAL Karim,57.0
10-38,10,2,M. AMELLAL Karim,71.0
10-39,10,2,M. AMELLAL Karim,83.0
4-1,4,2,M. RUPIN Pacôme    ,49.0
4-2,4,2,M. RUPIN Pacôme    ,82.0
4-3,4,2,M. RUPIN Pacôme    ,63.0
4-4,4,2,M. RUPIN Pacôme    ,73.0
4-5,4,2,M. RUPIN Pacôme    ,80.0
4-6,4,2,M. RUPIN Pacôme    ,98.0
4-7,4,2,M. RUPIN Pacôme    ,63.0
4-8,4,2,M. RUPIN Pacôme    ,81.0
4-9,4,2,M. RUPIN Pacôme    ,74.0
4-10,4,2,M. RUPIN Pacôme    ,63.0
4-11,4,2,M. RUPIN Pacôme    ,48.0
4-12,4,2,M. RUPIN Pacôme    ,71.0
4-13,4,2,M. RUPIN Pacôme    ,76.0
4-14,4,2,M. RUPIN Pacôme    ,61.0
1-1,1,2,M. RUPIN Pacôme    ,68.0
1-2,1,2,M. RUPIN Pacôme    ,88.0
1-3,1,2,M. RUPIN Pacôme    ,74.0
1-4,1,2,M. RUPIN Pacôme    ,62.0
1-5,1,2,M. RUPIN Pacôme    ,68.0
1-6,1,2,M. RUPIN Pacôme    ,65.0
1-7,1,2,M. RUPIN Pacôme    ,67.0
1-8,1,2,M. RUPIN Pacôme    ,56.0
1-9,1,2,M. RUPIN Pacôme    ,70.0
1-10,1,2,M. RUPIN Pacôme    ,44.0
2-1,2,2,M. RUPIN Pacôme    ,73.0
2-2,2,2,M. RUPIN Pacôme    ,60.0
2-3,2,2,M. RUPIN Pacôme    ,51.0
2-4,2,2,M. RUPIN Pacôme    ,95.0
2-5,2,2,M. RUPIN Pacôme    ,69.0
2-6,2,2,M. RUPIN Pacôme    ,94.0
2-7,2,2,M. RUPIN Pacôme    ,88.0
2-8,2,2,M. RUPIN Pacôme    ,83.0
2-9,2,2,M. RUPIN Pacôme    ,89.0
2-10,2,2,M. RUPIN Pacôme    ,72.0
3-1,3,2,M. RUPIN Pacôme    ,73.0
3-2,3,2,M. RUPIN Pacôme    ,67.0
3-3,3,2,M. RUPIN Pacôme    ,72.0
3-4,3,2,M. RUPIN Pacôme    ,88.0
3-5,3,2,M. RUPIN Pacôme    ,78.0
3-6,3,2,M. RUPIN Pacôme    ,76.0
3-7,3,2,M. RUPIN Pacôme    ,83.0
3-8,3,2,M. RUPIN Pacôme    ,91.0
3-9,3,2,M. RUPIN Pacôme    ,100.0
3-10,3,2,M. RUPIN Pacôme    ,68.0
3-11,3,2,M. RUPIN Pacôme    ,108.0
3-12,3,2,M. RUPIN Pacôme    ,68.0
3-13,3,2,M. RUPIN Pacôme    ,59.0
3-14,3,2,M. RUPIN Pacôme    ,105.0
3-15,3,2,M. RUPIN Pacôme    ,73.0
4-1,4,2,M. VÉRON Aurélien,215.0
4-2,4,2,M. VÉRON Aurélien,144.0
4-3,4,2,M. VÉRON Aurélien,159.0
4-4,4,2,M. VÉRON Aurélien,172.0
4-5,4,2,M. VÉRON Aurélien,229.0
4-6,4,2,M. VÉRON Aurélien,228.0
4-7,4,2,M. VÉRON Aurélien,166.0
4-8,4,2,M. VÉRON Aurélien,231.0
4-9,4,2,M. VÉRON Aurélien,217.0
4-10,4,2,M. VÉRON Aurélien,215.0
4-11,4,2,M. VÉRON Aurélien,137.0
4-12,4,2,M. VÉRON Aurélien,165.0
4-13,4,2,M. VÉRON Aurélien,191.0
4-14,4,2,M. VÉRON Aurélien,176.0
1-1,1,2,M. VÉRON Aurélien,192.0
1-2,1,2,M. VÉRON Aurélien,176.0
1-3,1,2,M. VÉRON Aurélien,184.0
1-4,1,2,M. VÉRON Aurélien,185.0
1-5,1,2,M. VÉRON Aurélien,108.0
1-6,1,2,M. VÉRON Aurélien,194.0
1-7,1,2,M. VÉRON Aurélien,223.0
1-8,1,2,M. VÉRON Aurélien,188.0
1-9,1,2,M. VÉRON Aurélien,214.0
1-10,1,2,M. VÉRON Aurélien,174.0
2-1,2,2,M. VÉRON Aurélien,185.0
2-2,2,2,M. VÉRON Aurélien,166.0
2-3,2,2,M. VÉRON Aurélien,128.0
2-4,2,2,M. VÉRON Aurélien,167.0
2-5,2,2,M. VÉRON Aurélien,156.0
2-6,2,2,M. VÉRON Aurélien,168.0
2-7,2,2,M. VÉRON Aurélien,166.0
2-8,2,2,M. VÉRON Aurélien,146.0
2-9,2,2,M. VÉRON Aurélien,117.0
2-10,2,2,M. VÉRON Aurélien,126.0
3-1,3,2,M. VÉRON Aurélien,147.0
3-2,3,2,M. VÉRON Aurélien,124.0
3-3,3,2,M. VÉRON Aurélien,151.0
3-4,3,2,M. VÉRON Aurélien,150.0
3-5,3,2,M. VÉRON Aurélien,168.0
3-6,3,2,M. VÉRON Aurélien,197.0
3-7,3,2,M. VÉRON Aurélien,213.0
3-8,3,2,M. VÉRON Aurélien,212.0
3-9,3,2,M. VÉRON Aurélien,195.0
3-10,3,2,M. VÉRON Aurélien,169.0
3-11,3,2,M. VÉRON Aurélien,173.0
3-12,3,2,M. VÉRON Aurélien,122.0
3-13,3,2,M. VÉRON Aurélien,100.0
3-14,3,2,M. VÉRON Aurélien,157.0
3-15,3,2,M. VÉRON Aurélien,178.0
4-1,4,2,M. WEIL Ariel,227.0
4-2,4,2,M. WEIL Ariel,273.0
4-3,4,2,M. WEIL Ariel,349.0
4-4,4,2,M. WEIL Ariel,318.0
4-5,4,2,M. WEIL Ariel,301.0
4-6,4,2,M. WEIL Ariel,402.0
4-7,4,2,M. WEIL Ariel,301.0
4-8,4,2,M. WEIL Ariel,298.0
4-9,4,2,M. WEIL Ariel,188.0
4-10,4,2,M. WEIL Ariel,155.0
4-11,4,2,M. WEIL Ariel,239.0
4-12,4,2,M. WEIL Ariel,281.0
4-13,4,2,M. WEIL Ariel,396.0
4-14,4,2,M. WEIL Ariel,287.0
1-1,1,2,M. WEIL Ariel,139.0
1-2,1,2,M. WEIL Ariel,216.0
1-3,1,2,M. WEIL Ariel,284.0
1-4,1,2,M. WEIL Ariel,273.0
1-5,1,2,M. WEIL Ariel,212.0
1-6,1,2,M. WEIL Ariel,218.0
1-7,1,2,M. WEIL Ariel,187.0
1-8,1,2,M. WEIL Ariel,123.0
1-9,1,2,M. WEIL Ariel,102.0
1-10,1,2,M. WEIL Ariel,101.0
2-1,2,2,M. WEIL Ariel,166.0
2-2,2,2,M. WEIL Ariel,173.0
2-3,2,2,M. WEIL Ariel,99.0
2-4,2,2,M. WEIL Ariel,307.0
2-5,2,2,M. WEIL Ariel,301.0
2-6,2,2,M. WEIL Ariel,283.0
2-7,2,2,M. WEIL Ariel,325.0
2-8,2,2,M. WEIL Ariel,420.0
2-9,2,2,M. WEIL Ariel,399.0
2-10,2,2,M. WEIL Ariel,323.0
3-1,3,2,M. WEIL Ariel,347.0
3-2,3,2,M. WEIL Ariel,396.0
3-3,3,2,M. WEIL Ariel,301.0
3-4,3,2,M. WEIL Ariel,329.0
3-5,3,2,M. WEIL Ariel,266.0
3-6,3,2,M. WEIL Ariel,288.0
3-7,3,2,M. WEIL Ariel,296.0
3-8,3,2,M. WEIL Ariel,266.0
3-9,3,2,M. WEIL Ariel,398.0
3-10,3,2,M. WEIL Ariel,406.0
3-11,3,2,M. WEIL Ariel,344.0
3-12,3,2,M. WEIL Ariel,353.0
3-13,3,2,M. WEIL Ariel,380.0
3-14,3,2,M. WEIL Ariel,436.0
3-15,3,2,M. WEIL Ariel,341.0
5-1,5,2,Mme LEMARDELEY Marie-Christine,297.0
5-2,5,2,Mme LEMARDELEY Marie-Christine,311.0
5-3,5,2,Mme LEMARDELEY Marie-Christine,315.0
5-4,5,2,Mme LEMARDELEY Marie-Christine,245.0
5-5,5,2,Mme LEMARDELEY Marie-Christine,319.0
5-6,5,2,Mme LEMARDELEY Marie-Christine,290.0
5-7,5,2,Mme LEMARDELEY Marie-Christine,305.0
5-8,5,2,Mme LEMARDELEY Marie-Christine,317.0
5-9,5,2,Mme LEMARDELEY Marie-Christine,383.0
5-10,5,2,Mme LEMARDELEY Marie-Christine,337.0
5-11,5,2,Mme LEMARDELEY Marie-Christine,328.0
5-12,5,2,Mme LEMARDELEY Marie-Christine,335.0
5-13,5,2,Mme LEMARDELEY Marie-Christine,253.0
5-14,5,2,Mme LEMARDELEY Marie-Christine,321.0
5-15,5,2,Mme LEMARDELEY Marie-Christine,315.0
5-16,5,2,Mme LEMARDELEY Marie-Christine,366.0
5-17,5,2,Mme LEMARDELEY Marie-Christine,328.0
5-18,5,2,Mme LEMARDELEY Marie-Christine,291.0
5-19,5,2,Mme LEMARDELEY Marie-Christine,263.0
5-20,5,2,Mme LEMARDELEY Marie-Christine,286.0
5-21,5,2,Mme LEMARDELEY Marie-Christine,365.0
5-22,5,2,Mme LEMARDELEY Marie-Christine,264.0
5-23,5,2,Mme LEMARDELEY Marie-Christine,256.0
5-24,5,2,Mme LEMARDELEY Marie-Christine,363.0
5-25,5,2,Mme LEMARDELEY Marie-Christine,379.0
5-1,5,2,Mme BERTHOUT Florence,323.0
5-2,5,2,Mme BERTHOUT Florence,388.0
5-3,5,2,Mme BERTHOUT Florence,344.0
5-4,5,2,Mme BERTHOUT Florence,367.0
5-5,5,2,Mme BERTHOUT Florence,391.0
5-6,5,2,Mme BERTHOUT Florence,331.0
5-7,5,2,Mme BERTHOUT Florence,409.0
5-8,5,2,Mme BERTHOUT Florence,460.0
5-9,5,2,Mme BERTHOUT Florence,387.0
5-10,5,2,Mme BERTHOUT Florence,350.0
5-11,5,2,Mme BERTHOUT Florence,329.0
5-12,5,2,Mme BERTHOUT Florence,309.0
5-13,5,2,Mme BERTHOUT Florence,274.0
5-14,5,2,Mme BERTHOUT Florence,295.0
5-15,5,2,Mme BERTHOUT Florence,301.0
5-16,5,2,Mme BERTHOUT Florence,279.0
5-17,5,2,Mme BERTHOUT Florence,270.0
5-18,5,2,Mme BERTHOUT Florence,320.0
5-19,5,2,Mme BERTHOUT Florence,361.0
5-20,5,2,Mme BERTHOUT Florence,360.0
5-21,5,2,Mme BERTHOUT Florence,299.0
5-22,5,2,Mme BERTHOUT Florence,340.0
5-23,5,2,Mme BERTHOUT Florence,357.0
5-24,5,2,Mme BERTHOUT Florence,288.0
5-25,5,2,Mme BERTHOUT Florence,325.0
11-1,11,2,Mme Garnier Nelly,134.0
11-2,11,2,Mme Garnier Nelly,157.0
11-3,11,2,Mme Garnier Nelly,130.0
11-4,11,2,Mme Garnier Nelly,155.0
11-5,11,2,Mme Garnier Nelly,115.0
11-6,11,2,Mme Garnier Nelly,138.0
11-7,11,2,Mme Garnier Nelly,136.0
11-8,11,2,Mme Garnier Nelly,119.0
11-9,11,2,Mme Garnier Nelly,135.0
11-10,11,2,Mme Garnier Nelly,150.0
11-11,11,2,Mme Garnier Nelly,106.0
11-12,11,2,Mme Garnier Nelly,142.0
11-13,11,2,Mme Garnier Nelly,95.0
11-14,11,2,Mme Garnier Nelly,156.0
11-15,11,2,Mme Garnier Nelly,224.0
11-16,11,2,Mme Garnier Nelly,172.0
11-17,11,2,Mme Garnier Nelly,178.0
11-18,11,2,Mme Garnier Nelly,132.0
11-19,11,2,Mme Garnier Nelly,140.0
11-20,11,2,Mme Garnier Nelly,135.0
11-21,11,2,Mme Garnier Nelly,146.0
11-22,11,2,Mme Garnier Nelly,154.0
11-23,11,2,Mme Garnier Nelly,114.0
11-24,11,2,Mme Garnier Nelly,130.0
11-25,11,2,Mme Garnier Nelly,132.0
11-26,11,2,Mme Garnier Nelly,175.0
11-27,11,2,Mme Garnier Nelly,106.0
11-28,11,2,Mme Garnier Nelly,101.0
11-29,11,2,Mme Garnier Nelly,95.0
11-30,11,2,Mme Garnier Nelly,84.0
11-31,11,2,Mme Garnier Nelly,119.0
11-32,11,2,Mme Garnier Nelly,118.0
11-33,11,2,Mme Garnier Nelly,152.0
11-34,11,2,Mme Garnier Nelly,103.0
11-35,11,2,Mme Garnier Nelly,150.0
11-36,11,2,Mme Garnier Nelly,121.0
11-37,11,2,Mme Garnier Nelly,155.0
11-38,11,2,Mme Garnier Nelly,174.0
11-39,11,2,Mme Garnier Nelly,127.0
11-40,11,2,Mme Garnier Nelly,135.0
11-41,11,2,Mme Garnier Nelly,155.0
11-42,11,2,Mme Garnier Nelly,134.0
11-43,11,2,Mme Garnier Nelly,130.0
11-44,11,2,Mme Garnier Nelly,159.0
11-45,11,2,Mme Garnier Nelly,185.0
11-46,11,2,Mme Garnier Nelly,191.0
11-47,11,2,Mme Garnier Nelly,171.0
11-48,11,2,Mme Garnier Nelly,223.0
11-49,11,2,Mme Garnier Nelly,178.0
11-50,11,2,Mme Garnier Nelly,171.0
11-51,11,2,Mme Garnier Nelly,156.0
11-52,11,2,Mme Garnier Nelly,124.0
11-53,11,2,Mme Garnier Nelly,160.0
11-54,11,2,Mme Garnier Nelly,175.0
11-55,11,2,Mme Garnier Nelly,123.0
11-1,11,2,M. VAUGLIN François,431.0
11-2,11,2,M. VAUGLIN François,418.0
11-3,11,2,M. VAUGLIN François,353.0
11-4,11,2,M. VAUGLIN François,429.0
11-5,11,2,M. VAUGLIN François,428.0
11-6,11,2,M. VAUGLIN François,431.0
11-7,11,2,M. VAUGLIN François,388.0
11-8,11,2,M. VAUGLIN François,429.0
11-9,11,2,M. VAUGLIN François,434.0
11-10,11,2,M. VAUGLIN François,387.0
11-11,11,2,M. VAUGLIN François,505.0
11-12,11,2,M. VAUGLIN François,449.0
11-13,11,2,M. VAUGLIN François,456.0
11-14,11,2,M. VAUGLIN François,477.0
11-15,11,2,M. VAUGLIN François,422.0
11-16,11,2,M. VAUGLIN François,369.0
11-17,11,2,M. VAUGLIN François,369.0
11-18,11,2,M. VAUGLIN François,362.0
11-19,11,2,M. VAUGLIN François,328.0
11-20,11,2,M. VAUGLIN François,429.0
11-21,11,2,M. VAUGLIN François,380.0
11-22,11,2,M. VAUGLIN François,425.0
11-23,11,2,M. VAUGLIN François,431.0
11-24,11,2,M. VAUGLIN François,431.0
11-25,11,2,M. VAUGLIN François,462.0
11-26,11,2,M. VAUGLIN François,426.0
11-27,11,2,M. VAUGLIN François,523.0
11-28,11,2,M. VAUGLIN François,479.0
11-29,11,2,M. VAUGLIN François,444.0
11-30,11,2,M. VAUGLIN François,478.0
11-31,11,2,M. VAUGLIN François,386.0
11-32,11,2,M. VAUGLIN François,433.0
11-33,11,2,M. VAUGLIN François,443.0
11-34,11,2,M. VAUGLIN François,391.0
11-35,11,2,M. VAUGLIN François,419.0
11-36,11,2,M. VAUGLIN François,449.0
11-37,11,2,M. VAUGLIN François,400.0
11-38,11,2,M. VAUGLIN François,409.0
11-39,11,2,M. VAUGLIN François,326.0
11-40,11,2,M. VAUGLIN François,355.0
11-41,11,2,M. VAUGLIN François,352.0
11-42,11,2,M. VAUGLIN François,301.0
11-43,11,2,M. VAUGLIN François,452.0
11-44,11,2,M. VAUGLIN François,421.0
11-45,11,2,M. VAUGLIN François,367.0
11-46,11,2,M. VAUGLIN François,341.0
11-47,11,2,M. VAUGLIN François,406.0
11-48,11,2,M. VAUGLIN François,422.0
11-49,11,2,M. VAUGLIN François,422.0
11-50,11,2,M. VAUGLIN François,495.0
11-51,11,2,M. VAUGLIN François,437.0
11-52,11,2,M. VAUGLIN François,450.0
11-53,11,2,M. VAUGLIN François,479.0
11-54,11,2,M. VAUGLIN François,352.0
11-55,11,2,M. VAUGLIN François,458.0
11-1,11,2,M. POITOUX Guillaume,70.0
11-2,11,2,M. POITOUX Guillaume,80.0
11-3,11,2,M. POITOUX Guillaume,51.0
11-4,11,2,M. POITOUX Guillaume,65.0
11-5,11,2,M. POITOUX Guillaume,70.0
11-6,11,2,M. POITOUX Guillaume,55.0
11-7,11,2,M. POITOUX Guillaume,63.0
11-8,11,2,M. POITOUX Guillaume,44.0
11-9,11,2,M. POITOUX Guillaume,67.0
11-10,11,2,M. POITOUX Guillaume,70.0
11-11,11,2,M. POITOUX Guillaume,52.0
11-12,11,2,M. POITOUX Guillaume,48.0
11-13,11,2,M. POITOUX Guillaume,73.0
11-14,11,2,M. POITOUX Guillaume,87.0
11-15,11,2,M. POITOUX Guillaume,96.0
11-16,11,2,M. POITOUX Guillaume,95.0
11-17,11,2,M. POITOUX Guillaume,66.0
11-18,11,2,M. POITOUX Guillaume,73.0
11-19,11,2,M. POITOUX Guillaume,67.0
11-20,11,2,M. POITOUX Guillaume,66.0
11-21,11,2,M. POITOUX Guillaume,85.0
11-22,11,2,M. POITOUX Guillaume,68.0
11-23,11,2,M. POITOUX Guillaume,59.0
11-24,11,2,M. POITOUX Guillaume,84.0
11-25,11,2,M. POITOUX Guillaume,75.0
11-26,11,2,M. POITOUX Guillaume,67.0
11-27,11,2,M. POITOUX Guillaume,68.0
11-28,11,2,M. POITOUX Guillaume,72.0
11-29,11,2,M. POITOUX Guillaume,45.0
11-30,11,2,M. POITOUX Guillaume,43.0
11-31,11,2,M. POITOUX Guillaume,22.0
11-32,11,2,M. POITOUX Guillaume,50.0
11-33,11,2,M. POITOUX Guillaume,72.0
11-34,11,2,M. POITOUX Guillaume,37.0
11-35,11,2,M. POITOUX Guillaume,78.0
11-36,11,2,M. POITOUX Guillaume,61.0
11-37,11,2,M. POITOUX Guillaume,65.0
11-38,11,2,M. POITOUX Guillaume,66.0
11-39,11,2,M. POITOUX Guillaume,56.0
11-40,11,2,M. POITOUX Guillaume,56.0
11-41,11,2,M. POITOUX Guillaume,72.0
11-42,11,2,M. POITOUX Guillaume,34.0
11-43,11,2,M. POITOUX Guillaume,63.0
11-44,11,2,M. POITOUX Guillaume,83.0
11-45,11,2,M. POITOUX Guillaume,73.0
11-46,11,2,M. POITOUX Guillaume,54.0
11-47,11,2,M. POITOUX Guillaume,63.0
11-48,11,2,M. POITOUX Guillaume,97.0
11-49,11,2,M. POITOUX Guillaume,62.0
11-50,11,2,M. POITOUX Guillaume,59.0
11-51,11,2,M. POITOUX Guillaume,65.0
11-52,11,2,M. POITOUX Guillaume,61.0
11-53,11,2,M. POITOUX Guillaume,71.0
11-54,11,2,M. POITOUX Guillaume,55.0
11-55,11,2,M. POITOUX Guillaume,62.0
15-1,15,2,Mme IBLED Catherine,47.0
15-2,15,2,Mme IBLED Catherine,54.0
15-3,15,2,Mme IBLED Catherine,56.0
15-4,15,2,Mme IBLED Catherine,57.0
15-5,15,2,Mme IBLED Catherine,67.0
15-6,15,2,Mme IBLED Catherine,67.0
15-7,15,2,Mme IBLED Catherine,66.0
15-8,15,2,Mme IBLED Catherine,91.0
15-9,15,2,Mme IBLED Catherine,77.0
15-10,15,2,Mme IBLED Catherine,74.0
15-11,15,2,Mme IBLED Catherine,73.0
15-12,15,2,Mme IBLED Catherine,107.0
15-13,15,2,Mme IBLED Catherine,64.0
15-14,15,2,Mme IBLED Catherine,98.0
15-15,15,2,Mme IBLED Catherine,58.0
15-16,15,2,Mme IBLED Catherine,80.0
15-17,15,2,Mme IBLED Catherine,47.0
15-18,15,2,Mme IBLED Catherine,58.0
15-19,15,2,Mme IBLED Catherine,60.0
15-20,15,2,Mme IBLED Catherine,64.0
15-21,15,2,Mme IBLED Catherine,83.0
15-22,15,2,Mme IBLED Catherine,68.0
15-23,15,2,Mme IBLED Catherine,90.0
15-24,15,2,Mme IBLED Catherine,70.0
15-25,15,2,Mme IBLED Catherine,95.0
15-26,15,2,Mme IBLED Catherine,66.0
15-27,15,2,Mme IBLED Catherine,36.0
15-28,15,2,Mme IBLED Catherine,71.0
15-29,15,2,Mme IBLED Catherine,61.0
15-30,15,2,Mme IBLED Catherine,87.0
15-31,15,2,Mme IBLED Catherine,75.0
15-32,15,2,Mme IBLED Catherine,85.0
15-33,15,2,Mme IBLED Catherine,73.0
15-34,15,2,Mme IBLED Catherine,72.0
15-35,15,2,Mme IBLED Catherine,72.0
15-36,15,2,Mme IBLED Catherine,66.0
15-37,15,2,Mme IBLED Catherine,93.0
15-38,15,2,Mme IBLED Catherine,53.0
15-39,15,2,Mme IBLED Catherine,33.0
15-40,15,2,Mme IBLED Catherine,62.0
15-41,15,2,Mme IBLED Catherine,50.0
15-42,15,2,Mme IBLED Catherine,44.0
15-43,15,2,Mme IBLED Catherine,71.0
15-44,15,2,Mme IBLED Catherine,57.0
15-45,15,2,Mme IBLED Catherine,50.0
15-46,15,2,Mme IBLED Catherine,58.0
15-47,15,2,Mme IBLED Catherine,58.0
15-48,15,2,Mme IBLED Catherine,26.0
15-49,15,2,Mme IBLED Catherine,36.0
15-50,15,2,Mme IBLED Catherine,40.0
15-51,15,2,Mme IBLED Catherine,62.0
15-52,15,2,Mme IBLED Catherine,26.0
15-53,15,2,Mme IBLED Catherine,59.0
15-54,15,2,Mme IBLED Catherine,73.0
15-55,15,2,Mme IBLED Catherine,65.0
15-56,15,2,Mme IBLED Catherine,87.0
15-57,15,2,Mme IBLED Catherine,75.0
15-58,15,2,Mme IBLED Catherine,71.0
15-59,15,2,Mme IBLED Catherine,66.0
15-60,15,2,Mme IBLED Catherine,84.0
15-61,15,2,Mme IBLED Catherine,57.0
15-62,15,2,Mme IBLED Catherine,69.0
15-63,15,2,Mme IBLED Catherine,57.0
15-64,15,2,Mme IBLED Catherine,59.0
15-65,15,2,Mme IBLED Catherine,53.0
15-66,15,2,Mme IBLED Catherine,69.0
15-67,15,2,Mme IBLED Catherine,53.0
15-68,15,2,Mme IBLED Catherine,85.0
15-69,15,2,Mme IBLED Catherine,37.0
15-70,15,2,Mme IBLED Catherine,63.0
15-71,15,2,Mme IBLED Catherine,57.0
15-72,15,2,Mme IBLED Catherine,49.0
15-73,15,2,Mme IBLED Catherine,67.0
15-74,15,2,Mme IBLED Catherine,69.0
15-75,15,2,Mme IBLED Catherine,77.0
15-76,15,2,Mme IBLED Catherine,19.0
15-77,15,2,Mme IBLED Catherine,54.0
15-78,15,2,Mme IBLED Catherine,55.0
15-79,15,2,Mme IBLED Catherine,75.0
15-80,15,2,Mme IBLED Catherine,62.0
15-81,15,2,Mme IBLED Catherine,54.0
15-82,15,2,Mme IBLED Catherine,48.0
15-83,15,2,Mme IBLED Catherine,86.0
15-84,15,2,Mme IBLED Catherine,81.0
15-85,15,2,Mme IBLED Catherine,65.0
15-86,15,2,Mme IBLED Catherine,46.0
15-87,15,2,Mme IBLED Catherine,58.0
15-88,15,2,Mme IBLED Catherine,75.0
15-89,15,2,Mme IBLED Catherine,62.0
15-90,15,2,Mme IBLED Catherine,65.0
15-91,15,2,Mme IBLED Catherine,102.0
15-92,15,2,Mme IBLED Catherine,52.0
15-93,15,2,Mme IBLED Catherine,66.0
15-94,15,2,Mme IBLED Catherine,44.0
15-95,15,2,Mme IBLED Catherine,42.0
15-1,15,2,Mme EVREN Agnès,234.0
15-2,15,2,Mme EVREN Agnès,342.0
15-3,15,2,Mme EVREN Agnès,231.0
15-4,15,2,Mme EVREN Agnès,304.0
15-5,15,2,Mme EVREN Agnès,293.0
15-6,15,2,Mme EVREN Agnès,297.0
15-7,15,2,Mme EVREN Agnès,295.0
15-8,15,2,Mme EVREN Agnès,309.0
15-9,15,2,Mme EVREN Agnès,321.0
15-10,15,2,Mme EVREN Agnès,279.0
15-11,15,2,Mme EVREN Agnès,378.0
15-12,15,2,Mme EVREN Agnès,343.0
15-13,15,2,Mme EVREN Agnès,353.0
15-14,15,2,Mme EVREN Agnès,427.0
15-15,15,2,Mme EVREN Agnès,365.0
15-16,15,2,Mme EVREN Agnès,468.0
15-17,15,2,Mme EVREN Agnès,351.0
15-18,15,2,Mme EVREN Agnès,351.0
15-19,15,2,Mme EVREN Agnès,378.0
15-20,15,2,Mme EVREN Agnès,396.0
15-21,15,2,Mme EVREN Agnès,353.0
15-22,15,2,Mme EVREN Agnès,358.0
15-23,15,2,Mme EVREN Agnès,396.0
15-24,15,2,Mme EVREN Agnès,391.0
15-25,15,2,Mme EVREN Agnès,363.0
15-26,15,2,Mme EVREN Agnès,306.0
15-27,15,2,Mme EVREN Agnès,256.0
15-28,15,2,Mme EVREN Agnès,296.0
15-29,15,2,Mme EVREN Agnès,339.0
15-30,15,2,Mme EVREN Agnès,339.0
15-31,15,2,Mme EVREN Agnès,372.0
15-32,15,2,Mme EVREN Agnès,322.0
15-33,15,2,Mme EVREN Agnès,344.0
15-34,15,2,Mme EVREN Agnès,360.0
15-35,15,2,Mme EVREN Agnès,246.0
15-36,15,2,Mme EVREN Agnès,282.0
15-37,15,2,Mme EVREN Agnès,309.0
15-38,15,2,Mme EVREN Agnès,293.0
15-39,15,2,Mme EVREN Agnès,268.0
15-40,15,2,Mme EVREN Agnès,285.0
15-41,15,2,Mme EVREN Agnès,301.0
15-42,15,2,Mme EVREN Agnès,219.0
15-43,15,2,Mme EVREN Agnès,327.0
15-44,15,2,Mme EVREN Agnès,273.0
15-45,15,2,Mme EVREN Agnès,283.0
15-46,15,2,Mme EVREN Agnès,293.0
15-47,15,2,Mme EVREN Agnès,225.0
15-48,15,2,Mme EVREN Agnès,237.0
15-49,15,2,Mme EVREN Agnès,256.0
15-50,15,2,Mme EVREN Agnès,233.0
15-51,15,2,Mme EVREN Agnès,267.0
15-52,15,2,Mme EVREN Agnès,248.0
15-53,15,2,Mme EVREN Agnès,233.0
15-54,15,2,Mme EVREN Agnès,293.0
15-55,15,2,Mme EVREN Agnès,271.0
15-56,15,2,Mme EVREN Agnès,320.0
15-57,15,2,Mme EVREN Agnès,309.0
15-58,15,2,Mme EVREN Agnès,259.0
15-59,15,2,Mme EVREN Agnès,312.0
15-60,15,2,Mme EVREN Agnès,374.0
15-61,15,2,Mme EVREN Agnès,287.0
15-62,15,2,Mme EVREN Agnès,324.0
15-63,15,2,Mme EVREN Agnès,285.0
15-64,15,2,Mme EVREN Agnès,326.0
15-65,15,2,Mme EVREN Agnès,295.0
15-66,15,2,Mme EVREN Agnès,336.0
15-67,15,2,Mme EVREN Agnès,259.0
15-68,15,2,Mme EVREN Agnès,336.0
15-69,15,2,Mme EVREN Agnès,272.0
15-70,15,2,Mme EVREN Agnès,326.0
15-71,15,2,Mme EVREN Agnès,311.0
15-72,15,2,Mme EVREN Agnès,240.0
15-73,15,2,Mme EVREN Agnès,280.0
15-74,15,2,Mme EVREN Agnès,337.0
15-75,15,2,Mme EVREN Agnès,294.0
15-76,15,2,Mme EVREN Agnès,153.0
15-77,15,2,Mme EVREN Agnès,286.0
15-78,15,2,Mme EVREN Agnès,201.0
15-79,15,2,Mme EVREN Agnès,239.0
15-80,15,2,Mme EVREN Agnès,269.0
15-81,15,2,Mme EVREN Agnès,296.0
15-82,15,2,Mme EVREN Agnès,264.0
15-83,15,2,Mme EVREN Agnès,357.0
15-84,15,2,Mme EVREN Agnès,293.0
15-85,15,2,Mme EVREN Agnès,294.0
15-86,15,2,Mme EVREN Agnès,278.0
15-87,15,2,Mme EVREN Agnès,257.0
15-88,15,2,Mme EVREN Agnès,309.0
15-89,15,2,Mme EVREN Agnès,300.0
15-90,15,2,Mme EVREN Agnès,277.0
15-91,15,2,Mme EVREN Agnès,324.0
15-92,15,2,Mme EVREN Agnès,323.0
15-93,15,2,Mme EVREN Agnès,309.0
15-94,15,2,Mme EVREN Agnès,251.0
15-95,15,2,Mme EVREN Agnès,247.0
15-1,15,2,Mme TORANIAN Anouch,183.0
15-2,15,2,Mme TORANIAN Anouch,207.0
15-3,15,2,Mme TORANIAN Anouch,218.0
15-4,15,2,Mme TORANIAN Anouch,228.0
15-5,15,2,Mme TORANIAN Anouch,185.0
15-6,15,2,Mme TORANIAN Anouch,224.0
15-7,15,2,Mme TORANIAN Anouch,195.0
15-8,15,2,Mme TORANIAN Anouch,245.0
15-9,15,2,Mme TORANIAN Anouch,180.0
15-10,15,2,Mme TORANIAN Anouch,161.0
15-11,15,2,Mme TORANIAN Anouch,161.0
15-12,15,2,Mme TORANIAN Anouch,244.0
15-13,15,2,Mme TORANIAN Anouch,236.0
15-14,15,2,Mme TORANIAN Anouch,168.0
15-15,15,2,Mme TORANIAN Anouch,137.0
15-16,15,2,Mme TORANIAN Anouch,176.0
15-17,15,2,Mme TORANIAN Anouch,144.0
15-18,15,2,Mme TORANIAN Anouch,130.0
15-19,15,2,Mme TORANIAN Anouch,152.0
15-20,15,2,Mme TORANIAN Anouch,137.0
15-21,15,2,Mme TORANIAN Anouch,137.0
15-22,15,2,Mme TORANIAN Anouch,140.0
15-23,15,2,Mme TORANIAN Anouch,169.0
15-24,15,2,Mme TORANIAN Anouch,129.0
15-25,15,2,Mme TORANIAN Anouch,223.0
15-26,15,2,Mme TORANIAN Anouch,217.0
15-27,15,2,Mme TORANIAN Anouch,189.0
15-28,15,2,Mme TORANIAN Anouch,208.0
15-29,15,2,Mme TORANIAN Anouch,249.0
15-30,15,2,Mme TORANIAN Anouch,216.0
15-31,15,2,Mme TORANIAN Anouch,190.0
15-32,15,2,Mme TORANIAN Anouch,236.0
15-33,15,2,Mme TORANIAN Anouch,205.0
15-34,15,2,Mme TORANIAN Anouch,218.0
15-35,15,2,Mme TORANIAN Anouch,283.0
15-36,15,2,Mme TORANIAN Anouch,249.0
15-37,15,2,Mme TORANIAN Anouch,221.0
15-38,15,2,Mme TORANIAN Anouch,195.0
15-39,15,2,Mme TORANIAN Anouch,180.0
15-40,15,2,Mme TORANIAN Anouch,179.0
15-41,15,2,Mme TORANIAN Anouch,252.0
15-42,15,2,Mme TORANIAN Anouch,132.0
15-43,15,2,Mme TORANIAN Anouch,175.0
15-44,15,2,Mme TORANIAN Anouch,244.0
15-45,15,2,Mme TORANIAN Anouch,236.0
15-46,15,2,Mme TORANIAN Anouch,228.0
15-47,15,2,Mme TORANIAN Anouch,292.0
15-48,15,2,Mme TORANIAN Anouch,153.0
15-49,15,2,Mme TORANIAN Anouch,202.0
15-50,15,2,Mme TORANIAN Anouch,206.0
15-51,15,2,Mme TORANIAN Anouch,242.0
15-52,15,2,Mme TORANIAN Anouch,166.0
15-53,15,2,Mme TORANIAN Anouch,212.0
15-54,15,2,Mme TORANIAN Anouch,232.0
15-55,15,2,Mme TORANIAN Anouch,238.0
15-56,15,2,Mme TORANIAN Anouch,290.0
15-57,15,2,Mme TORANIAN Anouch,211.0
15-58,15,2,Mme TORANIAN Anouch,238.0
15-59,15,2,Mme TORANIAN Anouch,196.0
15-60,15,2,Mme TORANIAN Anouch,228.0
15-61,15,2,Mme TORANIAN Anouch,233.0
15-62,15,2,Mme TORANIAN Anouch,228.0
15-63,15,2,Mme TORANIAN Anouch,225.0
15-64,15,2,Mme TORANIAN Anouch,158.0
15-65,15,2,Mme TORANIAN Anouch,176.0
15-66,15,2,Mme TORANIAN Anouch,180.0
15-67,15,2,Mme TORANIAN Anouch,217.0
15-68,15,2,Mme TORANIAN Anouch,259.0
15-69,15,2,Mme TORANIAN Anouch,232.0
15-70,15,2,Mme TORANIAN Anouch,259.0
15-71,15,2,Mme TORANIAN Anouch,211.0
15-72,15,2,Mme TORANIAN Anouch,203.0
15-73,15,2,Mme TORANIAN Anouch,167.0
15-74,15,2,Mme TORANIAN Anouch,182.0
15-75,15,2,Mme TORANIAN Anouch,158.0
15-76,15,2,Mme TORANIAN Anouch,177.0
15-77,15,2,Mme TORANIAN Anouch,217.0
15-78,15,2,Mme TORANIAN Anouch,133.0
15-79,15,2,Mme TORANIAN Anouch,177.0
15-80,15,2,Mme TORANIAN Anouch,199.0
15-81,15,2,Mme TORANIAN Anouch,211.0
15-82,15,2,Mme TORANIAN Anouch,158.0
15-83,15,2,Mme TORANIAN Anouch,180.0
15-84,15,2,Mme TORANIAN Anouch,170.0
15-85,15,2,Mme TORANIAN Anouch,254.0
15-86,15,2,Mme TORANIAN Anouch,150.0
15-87,15,2,Mme TORANIAN Anouch,196.0
15-88,15,2,Mme TORANIAN Anouch,167.0
15-89,15,2,Mme TORANIAN Anouch,168.0
15-90,15,2,Mme TORANIAN Anouch,176.0
15-91,15,2,Mme TORANIAN Anouch,211.0
15-92,15,2,Mme TORANIAN Anouch,187.0
15-93,15,2,Mme TORANIAN Anouch,223.0
15-94,15,2,Mme TORANIAN Anouch,178.0
15-95,15,2,Mme TORANIAN Anouch,162.0
14-1,14,2,M. VILLANI Cédric,88.0
14-2,14,2,M. VILLANI Cédric,81.0
14-3,14,2,M. VILLANI Cédric,116.0
14-4,14,2,M. VILLANI Cédric,95.0
14-5,14,2,M. VILLANI Cédric,78.0
14-6,14,2,M. VILLANI Cédric,90.0
14-7,14,2,M. VILLANI Cédric,79.0
14-8,14,2,M. VILLANI Cédric,92.0
14-9,14,2,M. VILLANI Cédric,113.0
14-10,14,2,M. VILLANI Cédric,48.0
14-11,14,2,M. VILLANI Cédric,65.0
14-12,14,2,M. VILLANI Cédric,91.0
14-13,14,2,M. VILLANI Cédric,83.0
14-14,14,2,M. VILLANI Cédric,109.0
14-15,14,2,M. VILLANI Cédric,92.0
14-16,14,2,M. VILLANI Cédric,68.0
14-17,14,2,M. VILLANI Cédric,114.0
14-18,14,2,M. VILLANI Cédric,90.0
14-19,14,2,M. VILLANI Cédric,63.0
14-20,14,2,M. VILLANI Cédric,57.0
14-21,14,2,M. VILLANI Cédric,39.0
14-22,14,2,M. VILLANI Cédric,64.0
14-23,14,2,M. VILLANI Cédric,77.0
14-24,14,2,M. VILLANI Cédric,87.0
14-25,14,2,M. VILLANI Cédric,74.0
14-26,14,2,M. VILLANI Cédric,85.0
14-27,14,2,M. VILLANI Cédric,61.0
14-28,14,2,M. VILLANI Cédric,112.0
14-29,14,2,M. VILLANI Cédric,85.0
14-30,14,2,M. VILLANI Cédric,80.0
14-31,14,2,M. VILLANI Cédric,97.0
14-32,14,2,M. VILLANI Cédric,77.0
14-33,14,2,M. VILLANI Cédric,85.0
14-34,14,2,M. VILLANI Cédric,92.0
14-35,14,2,M. VILLANI Cédric,90.0
14-36,14,2,M. VILLANI Cédric,46.0
14-37,14,2,M. VILLANI Cédric,85.0
14-38,14,2,M. VILLANI Cédric,76.0
14-39,14,2,M. VILLANI Cédric,67.0
14-40,14,2,M. VILLANI Cédric,76.0
14-41,14,2,M. VILLANI Cédric,86.0
14-42,14,2,M. VILLANI Cédric,83.0
14-43,14,2,M. VILLANI Cédric,79.0
14-44,14,2,M. VILLANI Cédric,54.0
14-45,14,2,M. VILLANI Cédric,34.0
14-46,14,2,M. VILLANI Cédric,79.0
14-47,14,2,M. VILLANI Cédric,63.0
14-48,14,2,M. VILLANI Cédric,63.0
14-49,14,2,M. VILLANI Cédric,76.0
14-50,14,2,M. VILLANI Cédric,61.0
14-51,14,2,M. VILLANI Cédric,63.0
14-52,14,2,M. VILLANI Cédric,53.0
14-53,14,2,M. VILLANI Cédric,57.0
14-54,14,2,M. VILLANI Cédric,78.0
14-55,14,2,M. VILLANI Cédric,80.0
14-56,14,2,M. VILLANI Cédric,48.0
14-57,14,2,M. VILLANI Cédric,44.0
14-1,14,2,Mme CARRERE-GEE Marie-Claire,147.0
14-2,14,2,Mme CARRERE-GEE Marie-Claire,176.0
14-3,14,2,Mme CARRERE-GEE Marie-Claire,223.0
14-4,14,2,Mme CARRERE-GEE Marie-Claire,168.0
14-5,14,2,Mme CARRERE-GEE Marie-Claire,180.0
14-6,14,2,Mme CARRERE-GEE Marie-Claire,187.0
14-7,14,2,Mme CARRERE-GEE Marie-Claire,172.0
14-8,14,2,Mme CARRERE-GEE Marie-Claire,196.0
14-9,14,2,Mme CARRERE-GEE Marie-Claire,170.0
14-10,14,2,Mme CARRERE-GEE Marie-Claire,184.0
14-11,14,2,Mme CARRERE-GEE Marie-Claire,185.0
14-12,14,2,Mme CARRERE-GEE Marie-Claire,209.0
14-13,14,2,Mme CARRERE-GEE Marie-Claire,184.0
14-14,14,2,Mme CARRERE-GEE Marie-Claire,280.0
14-15,14,2,Mme CARRERE-GEE Marie-Claire,182.0
14-16,14,2,Mme CARRERE-GEE Marie-Claire,174.0
14-17,14,2,Mme CARRERE-GEE Marie-Claire,157.0
14-18,14,2,Mme CARRERE-GEE Marie-Claire,142.0
14-19,14,2,Mme CARRERE-GEE Marie-Claire,132.0
14-20,14,2,Mme CARRERE-GEE Marie-Claire,172.0
14-21,14,2,Mme CARRERE-GEE Marie-Claire,134.0
14-22,14,2,Mme CARRERE-GEE Marie-Claire,151.0
14-23,14,2,Mme CARRERE-GEE Marie-Claire,155.0
14-24,14,2,Mme CARRERE-GEE Marie-Claire,156.0
14-25,14,2,Mme CARRERE-GEE Marie-Claire,149.0
14-26,14,2,Mme CARRERE-GEE Marie-Claire,192.0
14-27,14,2,Mme CARRERE-GEE Marie-Claire,184.0
14-28,14,2,Mme CARRERE-GEE Marie-Claire,239.0
14-29,14,2,Mme CARRERE-GEE Marie-Claire,155.0
14-30,14,2,Mme CARRERE-GEE Marie-Claire,197.0
14-31,14,2,Mme CARRERE-GEE Marie-Claire,196.0
14-32,14,2,Mme CARRERE-GEE Marie-Claire,180.0
14-33,14,2,Mme CARRERE-GEE Marie-Claire,201.0
14-34,14,2,Mme CARRERE-GEE Marie-Claire,163.0
14-35,14,2,Mme CARRERE-GEE Marie-Claire,207.0
14-36,14,2,Mme CARRERE-GEE Marie-Claire,148.0
14-37,14,2,Mme CARRERE-GEE Marie-Claire,171.0
14-38,14,2,Mme CARRERE-GEE Marie-Claire,145.0
14-39,14,2,Mme CARRERE-GEE Marie-Claire,193.0
14-40,14,2,Mme CARRERE-GEE Marie-Claire,185.0
14-41,14,2,Mme CARRERE-GEE Marie-Claire,164.0
14-42,14,2,Mme CARRERE-GEE Marie-Claire,178.0
14-43,14,2,Mme CARRERE-GEE Marie-Claire,188.0
14-44,14,2,Mme CARRERE-GEE Marie-Claire,166.0
14-45,14,2,Mme CARRERE-GEE Marie-Claire,155.0
14-46,14,2,Mme CARRERE-GEE Marie-Claire,156.0
14-47,14,2,Mme CARRERE-GEE Marie-Claire,178.0
14-48,14,2,Mme CARRERE-GEE Marie-Claire,137.0
14-49,14,2,Mme CARRERE-GEE Marie-Claire,193.0
14-50,14,2,Mme CARRERE-GEE Marie-Claire,191.0
14-51,14,2,Mme CARRERE-GEE Marie-Claire,179.0
14-52,14,2,Mme CARRERE-GEE Marie-Claire,154.0
14-53,14,2,Mme CARRERE-GEE Marie-Claire,141.0
14-54,14,2,Mme CARRERE-GEE Marie-Claire,203.0
14-55,14,2,Mme CARRERE-GEE Marie-Claire,176.0
14-56,14,2,Mme CARRERE-GEE Marie-Claire,139.0
14-57,14,2,Mme CARRERE-GEE Marie-Claire,98.0
14-1,14,2,M. AZIERE Éric,33.0
14-2,14,2,M. AZIERE Éric,44.0
14-3,14,2,M. AZIERE Éric,60.0
14-4,14,2,M. AZIERE Éric,48.0
14-5,14,2,M. AZIERE Éric,51.0
14-6,14,2,M. AZIERE Éric,54.0
14-7,14,2,M. AZIERE Éric,54.0
14-8,14,2,M. AZIERE Éric,65.0
14-9,14,2,M. AZIERE Éric,56.0
14-10,14,2,M. AZIERE Éric,42.0
14-11,14,2,M. AZIERE Éric,69.0
14-12,14,2,M. AZIERE Éric,56.0
14-13,14,2,M. AZIERE Éric,52.0
14-14,14,2,M. AZIERE Éric,95.0
14-15,14,2,M. AZIERE Éric,50.0
14-16,14,2,M. AZIERE Éric,52.0
14-17,14,2,M. AZIERE Éric,72.0
14-18,14,2,M. AZIERE Éric,41.0
14-19,14,2,M. AZIERE Éric,47.0
14-20,14,2,M. AZIERE Éric,38.0
14-21,14,2,M. AZIERE Éric,28.0
14-22,14,2,M. AZIERE Éric,26.0
14-23,14,2,M. AZIERE Éric,37.0
14-24,14,2,M. AZIERE Éric,57.0
14-25,14,2,M. AZIERE Éric,72.0
14-26,14,2,M. AZIERE Éric,64.0
14-27,14,2,M. AZIERE Éric,51.0
14-28,14,2,M. AZIERE Éric,76.0
14-29,14,2,M. AZIERE Éric,49.0
14-30,14,2,M. AZIERE Éric,65.0
14-31,14,2,M. AZIERE Éric,74.0
14-32,14,2,M. AZIERE Éric,62.0
14-33,14,2,M. AZIERE Éric,53.0
14-34,14,2,M. AZIERE Éric,63.0
14-35,14,2,M. AZIERE Éric,67.0
14-36,14,2,M. AZIERE Éric,41.0
14-37,14,2,M. AZIERE Éric,44.0
14-38,14,2,M. AZIERE Éric,46.0
14-39,14,2,M. AZIERE Éric,49.0
14-40,14,2,M. AZIERE Éric,44.0
14-41,14,2,M. AZIERE Éric,66.0
14-42,14,2,M. AZIERE Éric,44.0
14-43,14,2,M. AZIERE Éric,47.0
14-44,14,2,M. AZIERE Éric,43.0
14-45,14,2,M. AZIERE Éric,30.0
14-46,14,2,M. AZIERE Éric,42.0
14-47,14,2,M. AZIERE Éric,40.0
14-48,14,2,M. AZIERE Éric,38.0
14-49,14,2,M. AZIERE Éric,44.0
14-50,14,2,M. AZIERE Éric,49.0
14-51,14,2,M. AZIERE Éric,31.0
14-52,14,2,M. AZIERE Éric,28.0
14-53,14,2,M. AZIERE Éric,25.0
14-54,14,2,M. AZIERE Éric,55.0
14-55,14,2,M. AZIERE Éric,49.0
14-56,14,2,M. AZIERE Éric,24.0
14-57,14,2,M. AZIERE Éric,26.0
14-1,14,2,PETIT Carine,296.0
14-2,14,2,PETIT Carine,313.0
14-3,14,2,PETIT Carine,349.0
14-4,14,2,PETIT Carine,306.0
14-5,14,2,PETIT Carine,299.0
14-6,14,2,PETIT Carine,348.0
14-7,14,2,PETIT Carine,310.0
14-8,14,2,PETIT Carine,289.0
14-9,14,2,PETIT Carine,296.0
14-10,14,2,PETIT Carine,231.0
14-11,14,2,PETIT Carine,257.0
14-12,14,2,PETIT Carine,275.0
14-13,14,2,PETIT Carine,331.0
14-14,14,2,PETIT Carine,261.0
14-15,14,2,PETIT Carine,305.0
14-16,14,2,PETIT Carine,267.0
14-17,14,2,PETIT Carine,328.0
14-18,14,2,PETIT Carine,343.0
14-19,14,2,PETIT Carine,306.0
14-20,14,2,PETIT Carine,231.0
14-21,14,2,PETIT Carine,219.0
14-22,14,2,PETIT Carine,271.0
14-23,14,2,PETIT Carine,335.0
14-24,14,2,PETIT Carine,370.0
14-25,14,2,PETIT Carine,356.0
14-26,14,2,PETIT Carine,211.0
14-27,14,2,PETIT Carine,149.0
14-28,14,2,PETIT Carine,248.0
14-29,14,2,PETIT Carine,339.0
14-30,14,2,PETIT Carine,279.0
14-31,14,2,PETIT Carine,252.0
14-32,14,2,PETIT Carine,203.0
14-33,14,2,PETIT Carine,295.0
14-34,14,2,PETIT Carine,261.0
14-35,14,2,PETIT Carine,284.0
14-36,14,2,PETIT Carine,197.0
14-37,14,2,PETIT Carine,278.0
14-38,14,2,PETIT Carine,298.0
14-39,14,2,PETIT Carine,253.0
14-40,14,2,PETIT Carine,310.0
14-41,14,2,PETIT Carine,297.0
14-42,14,2,PETIT Carine,366.0
14-43,14,2,PETIT Carine,317.0
14-44,14,2,PETIT Carine,260.0
14-45,14,2,PETIT Carine,222.0
14-46,14,2,PETIT Carine,305.0
14-47,14,2,PETIT Carine,204.0
14-48,14,2,PETIT Carine,269.0
14-49,14,2,PETIT Carine,351.0
14-50,14,2,PETIT Carine,293.0
14-51,14,2,PETIT Carine,223.0
14-52,14,2,PETIT Carine,219.0
14-53,14,2,PETIT Carine,197.0
14-54,14,2,PETIT Carine,241.0
14-55,14,2,PETIT Carine,258.0
14-56,14,2,PETIT Carine,183.0
14-57,14,2,PETIT Carine,184.0
16-1,16,2,M. SZPINER Francis,365.0
16-2,16,2,M. SZPINER Francis,428.0
16-3,16,2,M. SZPINER Francis,360.0
16-4,16,2,M. SZPINER Francis,392.0
16-5,16,2,M. SZPINER Francis,292.0
16-6,16,2,M. SZPINER Francis,356.0
16-7,16,2,M. SZPINER Francis,306.0
16-8,16,2,M. SZPINER Francis,345.0
16-9,16,2,M. SZPINER Francis,324.0
16-10,16,2,M. SZPINER Francis,319.0
16-11,16,2,M. SZPINER Francis,307.0
16-12,16,2,M. SZPINER Francis,303.0
16-13,16,2,M. SZPINER Francis,367.0
16-14,16,2,M. SZPINER Francis,348.0
16-15,16,2,M. SZPINER Francis,316.0
16-16,16,2,M. SZPINER Francis,333.0
16-17,16,2,M. SZPINER Francis,406.0
16-18,16,2,M. SZPINER Francis,339.0
16-19,16,2,M. SZPINER Francis,307.0
16-20,16,2,M. SZPINER Francis,391.0
16-21,16,2,M. SZPINER Francis,370.0
16-22,16,2,M. SZPINER Francis,449.0
16-23,16,2,M. SZPINER Francis,414.0
16-24,16,2,M. SZPINER Francis,340.0
16-25,16,2,M. SZPINER Francis,326.0
16-26,16,2,M. SZPINER Francis,346.0
16-27,16,2,M. SZPINER Francis,329.0
16-28,16,2,M. SZPINER Francis,303.0
16-29,16,2,M. SZPINER Francis,322.0
16-30,16,2,M. SZPINER Francis,345.0
16-31,16,2,M. SZPINER Francis,350.0
16-32,16,2,M. SZPINER Francis,309.0
16-33,16,2,M. SZPINER Francis,351.0
16-34,16,2,M. SZPINER Francis,390.0
16-35,16,2,M. SZPINER Francis,323.0
16-36,16,2,M. SZPINER Francis,279.0
16-37,16,2,M. SZPINER Francis,322.0
16-38,16,2,M. SZPINER Francis,354.0
16-39,16,2,M. SZPINER Francis,310.0
16-40,16,2,M. SZPINER Francis,295.0
16-41,16,2,M. SZPINER Francis,321.0
16-42,16,2,M. SZPINER Francis,262.0
16-43,16,2,M. SZPINER Francis,274.0
16-44,16,2,M. SZPINER Francis,238.0
16-45,16,2,M. SZPINER Francis,219.0
16-46,16,2,M. SZPINER Francis,217.0
16-47,16,2,M. SZPINER Francis,328.0
16-48,16,2,M. SZPINER Francis,338.0
16-49,16,2,M. SZPINER Francis,408.0
16-50,16,2,M. SZPINER Francis,403.0
16-51,16,2,M. SZPINER Francis,343.0
16-52,16,2,M. SZPINER Francis,366.0
16-53,16,2,M. SZPINER Francis,339.0
16-54,16,2,M. SZPINER Francis,263.0
16-55,16,2,M. SZPINER Francis,424.0
16-56,16,2,M. SZPINER Francis,383.0
16-57,16,2,M. SZPINER Francis,369.0
16-58,16,2,M. SZPINER Francis,338.0
16-59,16,2,M. SZPINER Francis,413.0
16-60,16,2,M. SZPINER Francis,388.0
16-61,16,2,M. SZPINER Francis,321.0
16-62,16,2,M. SZPINER Francis,332.0
16-63,16,2,M. SZPINER Francis,315.0
16-64,16,2,M. SZPINER Francis,289.0
16-65,16,2,M. SZPINER Francis,323.0
16-66,16,2,M. SZPINER Francis,239.0
16-67,16,2,M. SZPINER Francis,325.0
16-68,16,2,M. SZPINER Francis,298.0
16-1,16,2,Mme SEBBAH Hanna,78.0
16-2,16,2,Mme SEBBAH Hanna,97.0
16-3,16,2,Mme SEBBAH Hanna,70.0
16-4,16,2,Mme SEBBAH Hanna,104.0
16-5,16,2,Mme SEBBAH Hanna,97.0
16-6,16,2,Mme SEBBAH Hanna,127.0
16-7,16,2,Mme SEBBAH Hanna,89.0
16-8,16,2,Mme SEBBAH Hanna,80.0
16-9,16,2,Mme SEBBAH Hanna,86.0
16-10,16,2,Mme SEBBAH Hanna,120.0
16-11,16,2,Mme SEBBAH Hanna,101.0
16-12,16,2,Mme SEBBAH Hanna,86.0
16-13,16,2,Mme SEBBAH Hanna,116.0
16-14,16,2,Mme SEBBAH Hanna,96.0
16-15,16,2,Mme SEBBAH Hanna,94.0
16-16,16,2,Mme SEBBAH Hanna,122.0
16-17,16,2,Mme SEBBAH Hanna,134.0
16-18,16,2,Mme SEBBAH Hanna,113.0
16-19,16,2,Mme SEBBAH Hanna,99.0
16-20,16,2,Mme SEBBAH Hanna,111.0
16-21,16,2,Mme SEBBAH Hanna,119.0
16-22,16,2,Mme SEBBAH Hanna,121.0
16-23,16,2,Mme SEBBAH Hanna,80.0
16-24,16,2,Mme SEBBAH Hanna,77.0
16-25,16,2,Mme SEBBAH Hanna,102.0
16-26,16,2,Mme SEBBAH Hanna,123.0
16-27,16,2,Mme SEBBAH Hanna,107.0
16-28,16,2,Mme SEBBAH Hanna,115.0
16-29,16,2,Mme SEBBAH Hanna,109.0
16-30,16,2,Mme SEBBAH Hanna,120.0
16-31,16,2,Mme SEBBAH Hanna,116.0
16-32,16,2,Mme SEBBAH Hanna,143.0
16-33,16,2,Mme SEBBAH Hanna,149.0
16-34,16,2,Mme SEBBAH Hanna,140.0
16-35,16,2,Mme SEBBAH Hanna,119.0
16-36,16,2,Mme SEBBAH Hanna,97.0
16-37,16,2,Mme SEBBAH Hanna,128.0
16-38,16,2,Mme SEBBAH Hanna,151.0
16-39,16,2,Mme SEBBAH Hanna,110.0
16-40,16,2,Mme SEBBAH Hanna,112.0
16-41,16,2,Mme SEBBAH Hanna,121.0
16-42,16,2,Mme SEBBAH Hanna,109.0
16-43,16,2,Mme SEBBAH Hanna,100.0
16-44,16,2,Mme SEBBAH Hanna,96.0
16-45,16,2,Mme SEBBAH Hanna,112.0
16-46,16,2,Mme SEBBAH Hanna,87.0
16-47,16,2,Mme SEBBAH Hanna,103.0
16-48,16,2,Mme SEBBAH Hanna,113.0
16-49,16,2,Mme SEBBAH Hanna,117.0
16-50,16,2,Mme SEBBAH Hanna,149.0
16-51,16,2,Mme SEBBAH Hanna,128.0
16-52,16,2,Mme SEBBAH Hanna,103.0
16-53,16,2,Mme SEBBAH Hanna,69.0
16-54,16,2,Mme SEBBAH Hanna,99.0
16-55,16,2,Mme SEBBAH Hanna,104.0
16-56,16,2,Mme SEBBAH Hanna,69.0
16-57,16,2,Mme SEBBAH Hanna,94.0
16-58,16,2,Mme SEBBAH Hanna,87.0
16-59,16,2,Mme SEBBAH Hanna,125.0
16-60,16,2,Mme SEBBAH Hanna,83.0
16-61,16,2,Mme SEBBAH Hanna,97.0
16-62,16,2,Mme SEBBAH Hanna,95.0
16-63,16,2,Mme SEBBAH Hanna,111.0
16-64,16,2,Mme SEBBAH Hanna,95.0
16-65,16,2,Mme SEBBAH Hanna,78.0
16-66,16,2,Mme SEBBAH Hanna,69.0
16-67,16,2,Mme SEBBAH Hanna,80.0
16-68,16,2,Mme SEBBAH Hanna,71.0
17-1,17,2,Mme BUZIN Agnès ,59.0
17-2,17,2,Mme BUZIN Agnès ,58.0
17-3,17,2,Mme BUZIN Agnès ,73.0
17-4,17,2,Mme BUZIN Agnès ,84.0
17-5,17,2,Mme BUZIN Agnès ,67.0
17-6,17,2,Mme BUZIN Agnès ,95.0
17-7,17,2,Mme BUZIN Agnès ,82.0
17-8,17,2,Mme BUZIN Agnès ,80.0
17-9,17,2,Mme BUZIN Agnès ,108.0
17-10,17,2,Mme BUZIN Agnès ,77.0
17-11,17,2,Mme BUZIN Agnès ,73.0
17-12,17,2,Mme BUZIN Agnès ,94.0
17-13,17,2,Mme BUZIN Agnès ,82.0
17-14,17,2,Mme BUZIN Agnès ,81.0
17-15,17,2,Mme BUZIN Agnès ,78.0
17-16,17,2,Mme BUZIN Agnès ,69.0
17-17,17,2,Mme BUZIN Agnès ,48.0
17-18,17,2,Mme BUZIN Agnès ,47.0
17-19,17,2,Mme BUZIN Agnès ,23.0
17-20,17,2,Mme BUZIN Agnès ,30.0
17-21,17,2,Mme BUZIN Agnès ,65.0
17-22,17,2,Mme BUZIN Agnès ,46.0
17-23,17,2,Mme BUZIN Agnès ,37.0
17-24,17,2,Mme BUZIN Agnès ,63.0
17-25,17,2,Mme BUZIN Agnès ,66.0
17-26,17,2,Mme BUZIN Agnès ,51.0
17-27,17,2,Mme BUZIN Agnès ,53.0
17-28,17,2,Mme BUZIN Agnès ,92.0
17-29,17,2,Mme BUZIN Agnès ,67.0
17-30,17,2,Mme BUZIN Agnès ,39.0
17-31,17,2,Mme BUZIN Agnès ,65.0
17-32,17,2,Mme BUZIN Agnès ,70.0
17-33,17,2,Mme BUZIN Agnès ,52.0
17-34,17,2,Mme BUZIN Agnès ,52.0
17-35,17,2,Mme BUZIN Agnès ,55.0
17-36,17,2,Mme BUZIN Agnès ,49.0
17-37,17,2,Mme BUZIN Agnès ,64.0
17-38,17,2,Mme BUZIN Agnès ,53.0
17-39,17,2,Mme BUZIN Agnès ,29.0
17-40,17,2,Mme BUZIN Agnès ,87.0
17-41,17,2,Mme BUZIN Agnès ,86.0
17-42,17,2,Mme BUZIN Agnès ,94.0
17-43,17,2,Mme BUZIN Agnès ,81.0
17-44,17,2,Mme BUZIN Agnès ,74.0
17-45,17,2,Mme BUZIN Agnès ,90.0
17-46,17,2,Mme BUZIN Agnès ,76.0
17-47,17,2,Mme BUZIN Agnès ,95.0
17-48,17,2,Mme BUZIN Agnès ,82.0
17-49,17,2,Mme BUZIN Agnès ,71.0
17-50,17,2,Mme BUZIN Agnès ,83.0
17-51,17,2,Mme BUZIN Agnès ,84.0
17-52,17,2,Mme BUZIN Agnès ,63.0
17-53,17,2,Mme BUZIN Agnès ,65.0
17-54,17,2,Mme BUZIN Agnès ,80.0
17-55,17,2,Mme BUZIN Agnès ,110.0
17-56,17,2,Mme BUZIN Agnès ,81.0
17-57,17,2,Mme BUZIN Agnès ,37.0
17-58,17,2,Mme BUZIN Agnès ,52.0
17-59,17,2,Mme BUZIN Agnès ,70.0
17-60,17,2,Mme BUZIN Agnès ,71.0
17-61,17,2,Mme BUZIN Agnès ,83.0
17-62,17,2,Mme BUZIN Agnès ,98.0
17-63,17,2,Mme BUZIN Agnès ,72.0
17-64,17,2,Mme BUZIN Agnès ,87.0
17-65,17,2,Mme BUZIN Agnès ,88.0
17-66,17,2,Mme BUZIN Agnès ,81.0
17-67,17,2,Mme BUZIN Agnès ,88.0
17-1,17,2,M. BOULARD Geoffroy    ,203.0
17-2,17,2,M. BOULARD Geoffroy    ,230.0
17-3,17,2,M. BOULARD Geoffroy    ,210.0
17-4,17,2,M. BOULARD Geoffroy    ,192.0
17-5,17,2,M. BOULARD Geoffroy    ,295.0
17-6,17,2,M. BOULARD Geoffroy    ,245.0
17-7,17,2,M. BOULARD Geoffroy    ,260.0
17-8,17,2,M. BOULARD Geoffroy    ,262.0
17-9,17,2,M. BOULARD Geoffroy    ,279.0
17-10,17,2,M. BOULARD Geoffroy    ,261.0
17-11,17,2,M. BOULARD Geoffroy    ,297.0
17-12,17,2,M. BOULARD Geoffroy    ,278.0
17-13,17,2,M. BOULARD Geoffroy    ,257.0
17-14,17,2,M. BOULARD Geoffroy    ,342.0
17-15,17,2,M. BOULARD Geoffroy    ,352.0
17-16,17,2,M. BOULARD Geoffroy    ,411.0
17-17,17,2,M. BOULARD Geoffroy    ,286.0
17-18,17,2,M. BOULARD Geoffroy    ,223.0
17-19,17,2,M. BOULARD Geoffroy    ,129.0
17-20,17,2,M. BOULARD Geoffroy    ,168.0
17-21,17,2,M. BOULARD Geoffroy    ,184.0
17-22,17,2,M. BOULARD Geoffroy    ,158.0
17-23,17,2,M. BOULARD Geoffroy    ,150.0
17-24,17,2,M. BOULARD Geoffroy    ,185.0
17-25,17,2,M. BOULARD Geoffroy    ,275.0
17-26,17,2,M. BOULARD Geoffroy    ,162.0
17-27,17,2,M. BOULARD Geoffroy    ,227.0
17-28,17,2,M. BOULARD Geoffroy    ,271.0
17-29,17,2,M. BOULARD Geoffroy    ,208.0
17-30,17,2,M. BOULARD Geoffroy    ,182.0
17-31,17,2,M. BOULARD Geoffroy    ,190.0
17-32,17,2,M. BOULARD Geoffroy    ,226.0
17-33,17,2,M. BOULARD Geoffroy    ,178.0
17-34,17,2,M. BOULARD Geoffroy    ,204.0
17-35,17,2,M. BOULARD Geoffroy    ,222.0
17-36,17,2,M. BOULARD Geoffroy    ,286.0
17-37,17,2,M. BOULARD Geoffroy    ,442.0
17-38,17,2,M. BOULARD Geoffroy    ,384.0
17-39,17,2,M. BOULARD Geoffroy    ,252.0
17-40,17,2,M. BOULARD Geoffroy    ,408.0
17-41,17,2,M. BOULARD Geoffroy    ,413.0
17-42,17,2,M. BOULARD Geoffroy    ,440.0
17-43,17,2,M. BOULARD Geoffroy    ,399.0
17-44,17,2,M. BOULARD Geoffroy    ,368.0
17-45,17,2,M. BOULARD Geoffroy    ,381.0
17-46,17,2,M. BOULARD Geoffroy    ,322.0
17-47,17,2,M. BOULARD Geoffroy    ,426.0
17-48,17,2,M. BOULARD Geoffroy    ,349.0
17-49,17,2,M. BOULARD Geoffroy    ,438.0
17-50,17,2,M. BOULARD Geoffroy    ,410.0
17-51,17,2,M. BOULARD Geoffroy    ,385.0
17-52,17,2,M. BOULARD Geoffroy    ,407.0
17-53,17,2,M. BOULARD Geoffroy    ,437.0
17-54,17,2,M. BOULARD Geoffroy    ,412.0
17-55,17,2,M. BOULARD Geoffroy    ,412.0
17-56,17,2,M. BOULARD Geoffroy    ,365.0
17-57,17,2,M. BOULARD Geoffroy    ,298.0
17-58,17,2,M. BOULARD Geoffroy    ,321.0
17-59,17,2,M. BOULARD Geoffroy    ,343.0
17-60,17,2,M. BOULARD Geoffroy    ,346.0
17-61,17,2,M. BOULARD Geoffroy    ,411.0
17-62,17,2,M. BOULARD Geoffroy    ,381.0
17-63,17,2,M. BOULARD Geoffroy    ,324.0
17-64,17,2,M. BOULARD Geoffroy    ,388.0
17-65,17,2,M. BOULARD Geoffroy    ,333.0
17-66,17,2,M. BOULARD Geoffroy    ,352.0
17-67,17,2,M. BOULARD Geoffroy    ,371.0
17-1,17,2,Mme TAÏEB Karen,220.0
17-2,17,2,Mme TAÏEB Karen,203.0
17-3,17,2,Mme TAÏEB Karen,258.0
17-4,17,2,Mme TAÏEB Karen,257.0
17-5,17,2,Mme TAÏEB Karen,218.0
17-6,17,2,Mme TAÏEB Karen,158.0
17-7,17,2,Mme TAÏEB Karen,261.0
17-8,17,2,Mme TAÏEB Karen,216.0
17-9,17,2,Mme TAÏEB Karen,276.0
17-10,17,2,Mme TAÏEB Karen,161.0
17-11,17,2,Mme TAÏEB Karen,195.0
17-12,17,2,Mme TAÏEB Karen,190.0
17-13,17,2,Mme TAÏEB Karen,220.0
17-14,17,2,Mme TAÏEB Karen,151.0
17-15,17,2,Mme TAÏEB Karen,125.0
17-16,17,2,Mme TAÏEB Karen,320.0
17-17,17,2,Mme TAÏEB Karen,142.0
17-18,17,2,Mme TAÏEB Karen,192.0
17-19,17,2,Mme TAÏEB Karen,120.0
17-20,17,2,Mme TAÏEB Karen,144.0
17-21,17,2,Mme TAÏEB Karen,237.0
17-22,17,2,Mme TAÏEB Karen,220.0
17-23,17,2,Mme TAÏEB Karen,123.0
17-24,17,2,Mme TAÏEB Karen,234.0
17-25,17,2,Mme TAÏEB Karen,288.0
17-26,17,2,Mme TAÏEB Karen,265.0
17-27,17,2,Mme TAÏEB Karen,220.0
17-28,17,2,Mme TAÏEB Karen,253.0
17-29,17,2,Mme TAÏEB Karen,329.0
17-30,17,2,Mme TAÏEB Karen,252.0
17-31,17,2,Mme TAÏEB Karen,247.0
17-32,17,2,Mme TAÏEB Karen,243.0
17-33,17,2,Mme TAÏEB Karen,296.0
17-34,17,2,Mme TAÏEB Karen,279.0
17-35,17,2,Mme TAÏEB Karen,211.0
17-36,17,2,Mme TAÏEB Karen,127.0
17-37,17,2,Mme TAÏEB Karen,74.0
17-38,17,2,Mme TAÏEB Karen,125.0
17-39,17,2,Mme TAÏEB Karen,114.0
17-40,17,2,Mme TAÏEB Karen,117.0
17-41,17,2,Mme TAÏEB Karen,92.0
17-42,17,2,Mme TAÏEB Karen,99.0
17-43,17,2,Mme TAÏEB Karen,85.0
17-44,17,2,Mme TAÏEB Karen,114.0
17-45,17,2,Mme TAÏEB Karen,116.0
17-46,17,2,Mme TAÏEB Karen,155.0
17-47,17,2,Mme TAÏEB Karen,94.0
17-48,17,2,Mme TAÏEB Karen,75.0
17-49,17,2,Mme TAÏEB Karen,102.0
17-50,17,2,Mme TAÏEB Karen,100.0
17-51,17,2,Mme TAÏEB Karen,98.0
17-52,17,2,Mme TAÏEB Karen,115.0
17-53,17,2,Mme TAÏEB Karen,123.0
17-54,17,2,Mme TAÏEB Karen,127.0
17-55,17,2,Mme TAÏEB Karen,95.0
17-56,17,2,Mme TAÏEB Karen,154.0
17-57,17,2,Mme TAÏEB Karen,127.0
17-58,17,2,Mme TAÏEB Karen,108.0
17-59,17,2,Mme TAÏEB Karen,90.0
17-60,17,2,Mme TAÏEB Karen,116.0
17-61,17,2,Mme TAÏEB Karen,78.0
17-62,17,2,Mme TAÏEB Karen,122.0
17-63,17,2,Mme TAÏEB Karen,115.0
17-64,17,2,Mme TAÏEB Karen,92.0
17-65,17,2,Mme TAÏEB Karen,102.0
17-66,17,2,Mme TAÏEB Karen,119.0
17-67,17,2,Mme TAÏEB Karen,123.0
19-1,19,2,M. ROUXEL Olivier,38.0
19-2,19,2,M. ROUXEL Olivier,29.0
19-3,19,2,M. ROUXEL Olivier,37.0
19-4,19,2,M. ROUXEL Olivier,49.0
19-5,19,2,M. ROUXEL Olivier,68.0
19-6,19,2,M. ROUXEL Olivier,57.0
19-7,19,2,M. ROUXEL Olivier,47.0
19-8,19,2,M. ROUXEL Olivier,32.0
19-9,19,2,M. ROUXEL Olivier,60.0
19-10,19,2,M. ROUXEL Olivier,44.0
19-11,19,2,M. ROUXEL Olivier,47.0
19-12,19,2,M. ROUXEL Olivier,41.0
19-13,19,2,M. ROUXEL Olivier,42.0
19-14,19,2,M. ROUXEL Olivier,38.0
19-15,19,2,M. ROUXEL Olivier,51.0
19-16,19,2,M. ROUXEL Olivier,56.0
19-17,19,2,M. ROUXEL Olivier,60.0
19-18,19,2,M. ROUXEL Olivier,13.0
19-19,19,2,M. ROUXEL Olivier,25.0
19-20,19,2,M. ROUXEL Olivier,31.0
19-21,19,2,M. ROUXEL Olivier,38.0
19-22,19,2,M. ROUXEL Olivier,32.0
19-23,19,2,M. ROUXEL Olivier,41.0
19-24,19,2,M. ROUXEL Olivier,50.0
19-25,19,2,M. ROUXEL Olivier,38.0
19-26,19,2,M. ROUXEL Olivier,39.0
19-27,19,2,M. ROUXEL Olivier,33.0
19-28,19,2,M. ROUXEL Olivier,78.0
19-29,19,2,M. ROUXEL Olivier,50.0
19-30,19,2,M. ROUXEL Olivier,60.0
19-31,19,2,M. ROUXEL Olivier,44.0
19-32,19,2,M. ROUXEL Olivier,60.0
19-33,19,2,M. ROUXEL Olivier,36.0
19-34,19,2,M. ROUXEL Olivier,44.0
19-35,19,2,M. ROUXEL Olivier,30.0
19-36,19,2,M. ROUXEL Olivier,40.0
19-37,19,2,M. ROUXEL Olivier,19.0
19-38,19,2,M. ROUXEL Olivier,34.0
19-39,19,2,M. ROUXEL Olivier,35.0
19-40,19,2,M. ROUXEL Olivier,33.0
19-41,19,2,M. ROUXEL Olivier,37.0
19-42,19,2,M. ROUXEL Olivier,22.0
19-43,19,2,M. ROUXEL Olivier,30.0
19-44,19,2,M. ROUXEL Olivier,30.0
19-45,19,2,M. ROUXEL Olivier,34.0
19-46,19,2,M. ROUXEL Olivier,51.0
19-47,19,2,M. ROUXEL Olivier,65.0
19-48,19,2,M. ROUXEL Olivier,42.0
19-49,19,2,M. ROUXEL Olivier,39.0
19-50,19,2,M. ROUXEL Olivier,46.0
19-51,19,2,M. ROUXEL Olivier,39.0
19-52,19,2,M. ROUXEL Olivier,46.0
19-53,19,2,M. ROUXEL Olivier,45.0
19-54,19,2,M. ROUXEL Olivier,55.0
19-55,19,2,M. ROUXEL Olivier,34.0
19-56,19,2,M. ROUXEL Olivier,29.0
19-57,19,2,M. ROUXEL Olivier,25.0
19-58,19,2,M. ROUXEL Olivier,51.0
19-59,19,2,M. ROUXEL Olivier,53.0
19-60,19,2,M. ROUXEL Olivier,38.0
19-61,19,2,M. ROUXEL Olivier,30.0
19-62,19,2,M. ROUXEL Olivier,31.0
19-63,19,2,M. ROUXEL Olivier,50.0
19-64,19,2,M. ROUXEL Olivier,38.0
19-65,19,2,M. ROUXEL Olivier,47.0
19-66,19,2,M. ROUXEL Olivier,44.0
19-67,19,2,M. ROUXEL Olivier,38.0
19-68,19,2,M. ROUXEL Olivier,40.0
19-69,19,2,M. ROUXEL Olivier,30.0
19-70,19,2,M. ROUXEL Olivier,47.0
19-71,19,2,M. ROUXEL Olivier,22.0
19-1,19,2,DAGNAUD François,343.0
19-2,19,2,DAGNAUD François,344.0
19-3,19,2,DAGNAUD François,221.0
19-4,19,2,DAGNAUD François,323.0
19-5,19,2,DAGNAUD François,295.0
19-6,19,2,DAGNAUD François,316.0
19-7,19,2,DAGNAUD François,290.0
19-8,19,2,DAGNAUD François,230.0
19-9,19,2,DAGNAUD François,411.0
19-10,19,2,DAGNAUD François,473.0
19-11,19,2,DAGNAUD François,444.0
19-12,19,2,DAGNAUD François,525.0
19-13,19,2,DAGNAUD François,470.0
19-14,19,2,DAGNAUD François,462.0
19-15,19,2,DAGNAUD François,428.0
19-16,19,2,DAGNAUD François,468.0
19-17,19,2,DAGNAUD François,365.0
19-18,19,2,DAGNAUD François,125.0
19-19,19,2,DAGNAUD François,142.0
19-20,19,2,DAGNAUD François,193.0
19-21,19,2,DAGNAUD François,370.0
19-22,19,2,DAGNAUD François,179.0
19-23,19,2,DAGNAUD François,302.0
19-24,19,2,DAGNAUD François,241.0
19-25,19,2,DAGNAUD François,374.0
19-26,19,2,DAGNAUD François,313.0
19-27,19,2,DAGNAUD François,367.0
19-28,19,2,DAGNAUD François,391.0
19-29,19,2,DAGNAUD François,292.0
19-30,19,2,DAGNAUD François,403.0
19-31,19,2,DAGNAUD François,400.0
19-32,19,2,DAGNAUD François,487.0
19-33,19,2,DAGNAUD François,243.0
19-34,19,2,DAGNAUD François,301.0
19-35,19,2,DAGNAUD François,174.0
19-36,19,2,DAGNAUD François,271.0
19-37,19,2,DAGNAUD François,229.0
19-38,19,2,DAGNAUD François,304.0
19-39,19,2,DAGNAUD François,336.0
19-40,19,2,DAGNAUD François,231.0
19-41,19,2,DAGNAUD François,209.0
19-42,19,2,DAGNAUD François,164.0
19-43,19,2,DAGNAUD François,151.0
19-44,19,2,DAGNAUD François,179.0
19-45,19,2,DAGNAUD François,294.0
19-46,19,2,DAGNAUD François,363.0
19-47,19,2,DAGNAUD François,393.0
19-48,19,2,DAGNAUD François,440.0
19-49,19,2,DAGNAUD François,336.0
19-50,19,2,DAGNAUD François,235.0
19-51,19,2,DAGNAUD François,198.0
19-52,19,2,DAGNAUD François,282.0
19-53,19,2,DAGNAUD François,228.0
19-54,19,2,DAGNAUD François,358.0
19-55,19,2,DAGNAUD François,204.0
19-56,19,2,DAGNAUD François,255.0
19-57,19,2,DAGNAUD François,163.0
19-58,19,2,DAGNAUD François,417.0
19-59,19,2,DAGNAUD François,354.0
19-60,19,2,DAGNAUD François,376.0
19-61,19,2,DAGNAUD François,346.0
19-62,19,2,DAGNAUD François,331.0
19-63,19,2,DAGNAUD François,277.0
19-64,19,2,DAGNAUD François,351.0
19-65,19,2,DAGNAUD François,310.0
19-66,19,2,DAGNAUD François,372.0
19-67,19,2,DAGNAUD François,332.0
19-68,19,2,DAGNAUD François,270.0
19-69,19,2,DAGNAUD François,279.0
19-70,19,2,DAGNAUD François,228.0
19-71,19,2,DAGNAUD François,143.0
19-1,19,2,Mme TOUBIANA Marie,120.0
19-2,19,2,Mme TOUBIANA Marie,75.0
19-3,19,2,Mme TOUBIANA Marie,100.0
19-4,19,2,Mme TOUBIANA Marie,85.0
19-5,19,2,Mme TOUBIANA Marie,114.0
19-6,19,2,Mme TOUBIANA Marie,109.0
19-7,19,2,Mme TOUBIANA Marie,151.0
19-8,19,2,Mme TOUBIANA Marie,99.0
19-9,19,2,Mme TOUBIANA Marie,129.0
19-10,19,2,Mme TOUBIANA Marie,110.0
19-11,19,2,Mme TOUBIANA Marie,105.0
19-12,19,2,Mme TOUBIANA Marie,99.0
19-13,19,2,Mme TOUBIANA Marie,100.0
19-14,19,2,Mme TOUBIANA Marie,72.0
19-15,19,2,Mme TOUBIANA Marie,87.0
19-16,19,2,Mme TOUBIANA Marie,116.0
19-17,19,2,Mme TOUBIANA Marie,145.0
19-18,19,2,Mme TOUBIANA Marie,51.0
19-19,19,2,Mme TOUBIANA Marie,63.0
19-20,19,2,Mme TOUBIANA Marie,125.0
19-21,19,2,Mme TOUBIANA Marie,93.0
19-22,19,2,Mme TOUBIANA Marie,81.0
19-23,19,2,Mme TOUBIANA Marie,94.0
19-24,19,2,Mme TOUBIANA Marie,138.0
19-25,19,2,Mme TOUBIANA Marie,111.0
19-26,19,2,Mme TOUBIANA Marie,110.0
19-27,19,2,Mme TOUBIANA Marie,138.0
19-28,19,2,Mme TOUBIANA Marie,140.0
19-29,19,2,Mme TOUBIANA Marie,100.0
19-30,19,2,Mme TOUBIANA Marie,154.0
19-31,19,2,Mme TOUBIANA Marie,102.0
19-32,19,2,Mme TOUBIANA Marie,96.0
19-33,19,2,Mme TOUBIANA Marie,89.0
19-34,19,2,Mme TOUBIANA Marie,113.0
19-35,19,2,Mme TOUBIANA Marie,64.0
19-36,19,2,Mme TOUBIANA Marie,106.0
19-37,19,2,Mme TOUBIANA Marie,96.0
19-38,19,2,Mme TOUBIANA Marie,88.0
19-39,19,2,Mme TOUBIANA Marie,106.0
19-40,19,2,Mme TOUBIANA Marie,102.0
19-41,19,2,Mme TOUBIANA Marie,111.0
19-42,19,2,Mme TOUBIANA Marie,56.0
19-43,19,2,Mme TOUBIANA Marie,85.0
19-44,19,2,Mme TOUBIANA Marie,111.0
19-45,19,2,Mme TOUBIANA Marie,107.0
19-46,19,2,Mme TOUBIANA Marie,130.0
19-47,19,2,Mme TOUBIANA Marie,152.0
19-48,19,2,Mme TOUBIANA Marie,122.0
19-49,19,2,Mme TOUBIANA Marie,110.0
19-50,19,2,Mme TOUBIANA Marie,60.0
19-51,19,2,Mme TOUBIANA Marie,118.0
19-52,19,2,Mme TOUBIANA Marie,104.0
19-53,19,2,Mme TOUBIANA Marie,112.0
19-54,19,2,Mme TOUBIANA Marie,90.0
19-55,19,2,Mme TOUBIANA Marie,87.0
19-56,19,2,Mme TOUBIANA Marie,117.0
19-57,19,2,Mme TOUBIANA Marie,103.0
19-58,19,2,Mme TOUBIANA Marie,115.0
19-59,19,2,Mme TOUBIANA Marie,123.0
19-60,19,2,Mme TOUBIANA Marie,94.0
19-61,19,2,Mme TOUBIANA Marie,99.0
19-62,19,2,Mme TOUBIANA Marie,105.0
19-63,19,2,Mme TOUBIANA Marie,108.0
19-64,19,2,Mme TOUBIANA Marie,121.0
19-65,19,2,Mme TOUBIANA Marie,127.0
19-66,19,2,Mme TOUBIANA Marie,123.0
19-67,19,2,Mme TOUBIANA Marie,80.0
19-68,19,2,Mme TOUBIANA Marie,116.0
19-69,19,2,Mme TOUBIANA Marie,82.0
19-70,19,2,Mme TOUBIANA Marie,108.0
19-71,19,2,Mme TOUBIANA Marie,92.0
18-1,18,2,LEJOINDRE Eric,359.0
18-2,18,2,LEJOINDRE Eric,309.0
18-3,18,2,LEJOINDRE Eric,258.0
18-4,18,2,LEJOINDRE Eric,372.0
18-5,18,2,LEJOINDRE Eric,293.0
18-6,18,2,LEJOINDRE Eric,356.0
18-7,18,2,LEJOINDRE Eric,361.0
18-8,18,2,LEJOINDRE Eric,321.0
18-9,18,2,LEJOINDRE Eric,386.0
18-10,18,2,LEJOINDRE Eric,399.0
18-11,18,2,LEJOINDRE Eric,371.0
18-12,18,2,LEJOINDRE Eric,245.0
18-13,18,2,LEJOINDRE Eric,161.0
18-14,18,2,LEJOINDRE Eric,368.0
18-15,18,2,LEJOINDRE Eric,356.0
18-16,18,2,LEJOINDRE Eric,349.0
18-17,18,2,LEJOINDRE Eric,433.0
18-18,18,2,LEJOINDRE Eric,510.0
18-19,18,2,LEJOINDRE Eric,462.0
18-20,18,2,LEJOINDRE Eric,419.0
18-21,18,2,LEJOINDRE Eric,392.0
18-22,18,2,LEJOINDRE Eric,300.0
18-23,18,2,LEJOINDRE Eric,297.0
18-24,18,2,LEJOINDRE Eric,329.0
18-25,18,2,LEJOINDRE Eric,296.0
18-26,18,2,LEJOINDRE Eric,302.0
18-27,18,2,LEJOINDRE Eric,312.0
18-28,18,2,LEJOINDRE Eric,377.0
18-29,18,2,LEJOINDRE Eric,338.0
18-30,18,2,LEJOINDRE Eric,379.0
18-31,18,2,LEJOINDRE Eric,440.0
18-32,18,2,LEJOINDRE Eric,324.0
18-33,18,2,LEJOINDRE Eric,279.0
18-34,18,2,LEJOINDRE Eric,317.0
18-35,18,2,LEJOINDRE Eric,278.0
18-36,18,2,LEJOINDRE Eric,323.0
18-37,18,2,LEJOINDRE Eric,291.0
18-38,18,2,LEJOINDRE Eric,322.0
18-39,18,2,LEJOINDRE Eric,310.0
18-40,18,2,LEJOINDRE Eric,319.0
18-41,18,2,LEJOINDRE Eric,312.0
18-42,18,2,LEJOINDRE Eric,277.0
18-43,18,2,LEJOINDRE Eric,261.0
18-44,18,2,LEJOINDRE Eric,128.0
18-45,18,2,LEJOINDRE Eric,257.0
18-46,18,2,LEJOINDRE Eric,267.0
18-47,18,2,LEJOINDRE Eric,329.0
18-48,18,2,LEJOINDRE Eric,285.0
18-49,18,2,LEJOINDRE Eric,128.0
18-50,18,2,LEJOINDRE Eric,125.0
18-51,18,2,LEJOINDRE Eric,206.0
18-52,18,2,LEJOINDRE Eric,419.0
18-53,18,2,LEJOINDRE Eric,290.0
18-54,18,2,LEJOINDRE Eric,286.0
18-55,18,2,LEJOINDRE Eric,397.0
18-56,18,2,LEJOINDRE Eric,254.0
18-57,18,2,LEJOINDRE Eric,427.0
18-58,18,2,LEJOINDRE Eric,369.0
18-59,18,2,LEJOINDRE Eric,352.0
18-60,18,2,LEJOINDRE Eric,445.0
18-61,18,2,LEJOINDRE Eric,426.0
18-62,18,2,LEJOINDRE Eric,368.0
18-63,18,2,LEJOINDRE Eric,293.0
18-64,18,2,LEJOINDRE Eric,203.0
18-65,18,2,LEJOINDRE Eric,190.0
18-66,18,2,LEJOINDRE Eric,339.0
18-67,18,2,LEJOINDRE Eric,314.0
18-68,18,2,LEJOINDRE Eric,306.0
18-1,18,2,BOURNAZEL Pierre-Yves,109.0
18-2,18,2,BOURNAZEL Pierre-Yves,128.0
18-3,18,2,BOURNAZEL Pierre-Yves,139.0
18-4,18,2,BOURNAZEL Pierre-Yves,114.0
18-5,18,2,BOURNAZEL Pierre-Yves,120.0
18-6,18,2,BOURNAZEL Pierre-Yves,98.0
18-7,18,2,BOURNAZEL Pierre-Yves,76.0
18-8,18,2,BOURNAZEL Pierre-Yves,78.0
18-9,18,2,BOURNAZEL Pierre-Yves,82.0
18-10,18,2,BOURNAZEL Pierre-Yves,94.0
18-11,18,2,BOURNAZEL Pierre-Yves,89.0
18-12,18,2,BOURNAZEL Pierre-Yves,86.0
18-13,18,2,BOURNAZEL Pierre-Yves,41.0
18-14,18,2,BOURNAZEL Pierre-Yves,93.0
18-15,18,2,BOURNAZEL Pierre-Yves,63.0
18-16,18,2,BOURNAZEL Pierre-Yves,99.0
18-17,18,2,BOURNAZEL Pierre-Yves,84.0
18-18,18,2,BOURNAZEL Pierre-Yves,79.0
18-19,18,2,BOURNAZEL Pierre-Yves,97.0
18-20,18,2,BOURNAZEL Pierre-Yves,78.0
18-21,18,2,BOURNAZEL Pierre-Yves,88.0
18-22,18,2,BOURNAZEL Pierre-Yves,82.0
18-23,18,2,BOURNAZEL Pierre-Yves,102.0
18-24,18,2,BOURNAZEL Pierre-Yves,106.0
18-25,18,2,BOURNAZEL Pierre-Yves,145.0
18-26,18,2,BOURNAZEL Pierre-Yves,106.0
18-27,18,2,BOURNAZEL Pierre-Yves,91.0
18-28,18,2,BOURNAZEL Pierre-Yves,123.0
18-29,18,2,BOURNAZEL Pierre-Yves,129.0
18-30,18,2,BOURNAZEL Pierre-Yves,139.0
18-31,18,2,BOURNAZEL Pierre-Yves,94.0
18-32,18,2,BOURNAZEL Pierre-Yves,127.0
18-33,18,2,BOURNAZEL Pierre-Yves,145.0
18-34,18,2,BOURNAZEL Pierre-Yves,116.0
18-35,18,2,BOURNAZEL Pierre-Yves,134.0
18-36,18,2,BOURNAZEL Pierre-Yves,107.0
18-37,18,2,BOURNAZEL Pierre-Yves,119.0
18-38,18,2,BOURNAZEL Pierre-Yves,129.0
18-39,18,2,BOURNAZEL Pierre-Yves,104.0
18-40,18,2,BOURNAZEL Pierre-Yves,137.0
18-41,18,2,BOURNAZEL Pierre-Yves,95.0
18-42,18,2,BOURNAZEL Pierre-Yves,79.0
18-43,18,2,BOURNAZEL Pierre-Yves,85.0
18-44,18,2,BOURNAZEL Pierre-Yves,46.0
18-45,18,2,BOURNAZEL Pierre-Yves,68.0
18-46,18,2,BOURNAZEL Pierre-Yves,107.0
18-47,18,2,BOURNAZEL Pierre-Yves,73.0
18-48,18,2,BOURNAZEL Pierre-Yves,49.0
18-49,18,2,BOURNAZEL Pierre-Yves,56.0
18-50,18,2,BOURNAZEL Pierre-Yves,36.0
18-51,18,2,BOURNAZEL Pierre-Yves,38.0
18-52,18,2,BOURNAZEL Pierre-Yves,76.0
18-53,18,2,BOURNAZEL Pierre-Yves,64.0
18-54,18,2,BOURNAZEL Pierre-Yves,35.0
18-55,18,2,BOURNAZEL Pierre-Yves,38.0
18-56,18,2,BOURNAZEL Pierre-Yves,38.0
18-57,18,2,BOURNAZEL Pierre-Yves,66.0
18-58,18,2,BOURNAZEL Pierre-Yves,61.0
18-59,18,2,BOURNAZEL Pierre-Yves,55.0
18-60,18,2,BOURNAZEL Pierre-Yves,60.0
18-61,18,2,BOURNAZEL Pierre-Yves,75.0
18-62,18,2,BOURNAZEL Pierre-Yves,58.0
18-63,18,2,BOURNAZEL Pierre-Yves,40.0
18-64,18,2,BOURNAZEL Pierre-Yves,51.0
18-65,18,2,BOURNAZEL Pierre-Yves,47.0
18-66,18,2,BOURNAZEL Pierre-Yves,106.0
18-67,18,2,BOURNAZEL Pierre-Yves,52.0
18-68,18,2,BOURNAZEL Pierre-Yves,54.0
18-1,18,2,M. GRANIER Rudolph,122.0
18-2,18,2,M. GRANIER Rudolph,105.0
18-3,18,2,M. GRANIER Rudolph,175.0
18-4,18,2,M. GRANIER Rudolph,153.0
18-5,18,2,M. GRANIER Rudolph,95.0
18-6,18,2,M. GRANIER Rudolph,101.0
18-7,18,2,M. GRANIER Rudolph,74.0
18-8,18,2,M. GRANIER Rudolph,106.0
18-9,18,2,M. GRANIER Rudolph,101.0
18-10,18,2,M. GRANIER Rudolph,74.0
18-11,18,2,M. GRANIER Rudolph,117.0
18-12,18,2,M. GRANIER Rudolph,92.0
18-13,18,2,M. GRANIER Rudolph,73.0
18-14,18,2,M. GRANIER Rudolph,87.0
18-15,18,2,M. GRANIER Rudolph,85.0
18-16,18,2,M. GRANIER Rudolph,104.0
18-17,18,2,M. GRANIER Rudolph,93.0
18-18,18,2,M. GRANIER Rudolph,101.0
18-19,18,2,M. GRANIER Rudolph,102.0
18-20,18,2,M. GRANIER Rudolph,105.0
18-21,18,2,M. GRANIER Rudolph,114.0
18-22,18,2,M. GRANIER Rudolph,103.0
18-23,18,2,M. GRANIER Rudolph,100.0
18-24,18,2,M. GRANIER Rudolph,115.0
18-25,18,2,M. GRANIER Rudolph,175.0
18-26,18,2,M. GRANIER Rudolph,91.0
18-27,18,2,M. GRANIER Rudolph,73.0
18-28,18,2,M. GRANIER Rudolph,149.0
18-29,18,2,M. GRANIER Rudolph,131.0
18-30,18,2,M. GRANIER Rudolph,160.0
18-31,18,2,M. GRANIER Rudolph,150.0
18-32,18,2,M. GRANIER Rudolph,143.0
18-33,18,2,M. GRANIER Rudolph,116.0
18-34,18,2,M. GRANIER Rudolph,148.0
18-35,18,2,M. GRANIER Rudolph,147.0
18-36,18,2,M. GRANIER Rudolph,131.0
18-37,18,2,M. GRANIER Rudolph,132.0
18-38,18,2,M. GRANIER Rudolph,108.0
18-39,18,2,M. GRANIER Rudolph,154.0
18-40,18,2,M. GRANIER Rudolph,147.0
18-41,18,2,M. GRANIER Rudolph,97.0
18-42,18,2,M. GRANIER Rudolph,132.0
18-43,18,2,M. GRANIER Rudolph,152.0
18-44,18,2,M. GRANIER Rudolph,79.0
18-45,18,2,M. GRANIER Rudolph,99.0
18-46,18,2,M. GRANIER Rudolph,137.0
18-47,18,2,M. GRANIER Rudolph,82.0
18-48,18,2,M. GRANIER Rudolph,76.0
18-49,18,2,M. GRANIER Rudolph,62.0
18-50,18,2,M. GRANIER Rudolph,79.0
18-51,18,2,M. GRANIER Rudolph,116.0
18-52,18,2,M. GRANIER Rudolph,122.0
18-53,18,2,M. GRANIER Rudolph,99.0
18-54,18,2,M. GRANIER Rudolph,86.0
18-55,18,2,M. GRANIER Rudolph,67.0
18-56,18,2,M. GRANIER Rudolph,81.0
18-57,18,2,M. GRANIER Rudolph,76.0
18-58,18,2,M. GRANIER Rudolph,81.0
18-59,18,2,M. GRANIER Rudolph,98.0
18-60,18,2,M. GRANIER Rudolph,114.0
18-61,18,2,M. GRANIER Rudolph,93.0
18-62,18,2,M. GRANIER Rudolph,102.0
18-63,18,2,M. GRANIER Rudolph,136.0
18-64,18,2,M. GRANIER Rudolph,141.0
18-65,18,2,M. GRANIER Rudolph,159.0
18-66,18,2,M. GRANIER Rudolph,98.0
18-67,18,2,M. GRANIER Rudolph,99.0
18-68,18,2,M. GRANIER Rudolph,73.0
20-1,20,2,M. PLIEZ Eric,298.0
20-2,20,2,M. PLIEZ Eric,257.0
20-3,20,2,M. PLIEZ Eric,334.0
20-4,20,2,M. PLIEZ Eric,324.0
20-5,20,2,M. PLIEZ Eric,367.0
20-6,20,2,M. PLIEZ Eric,290.0
20-7,20,2,M. PLIEZ Eric,301.0
20-8,20,2,M. PLIEZ Eric,324.0
20-9,20,2,M. PLIEZ Eric,322.0
20-10,20,2,M. PLIEZ Eric,230.0
20-11,20,2,M. PLIEZ Eric,314.0
20-12,20,2,M. PLIEZ Eric,371.0
20-13,20,2,M. PLIEZ Eric,399.0
20-14,20,2,M. PLIEZ Eric,434.0
20-15,20,2,M. PLIEZ Eric,318.0
20-16,20,2,M. PLIEZ Eric,361.0
20-17,20,2,M. PLIEZ Eric,260.0
20-18,20,2,M. PLIEZ Eric,186.0
20-19,20,2,M. PLIEZ Eric,311.0
20-20,20,2,M. PLIEZ Eric,251.0
20-21,20,2,M. PLIEZ Eric,169.0
20-22,20,2,M. PLIEZ Eric,274.0
20-23,20,2,M. PLIEZ Eric,277.0
20-24,20,2,M. PLIEZ Eric,301.0
20-25,20,2,M. PLIEZ Eric,430.0
20-26,20,2,M. PLIEZ Eric,263.0
20-27,20,2,M. PLIEZ Eric,269.0
20-28,20,2,M. PLIEZ Eric,237.0
20-29,20,2,M. PLIEZ Eric,271.0
20-30,20,2,M. PLIEZ Eric,156.0
20-31,20,2,M. PLIEZ Eric,252.0
20-32,20,2,M. PLIEZ Eric,261.0
20-33,20,2,M. PLIEZ Eric,129.0
20-34,20,2,M. PLIEZ Eric,181.0
20-35,20,2,M. PLIEZ Eric,155.0
20-36,20,2,M. PLIEZ Eric,137.0
20-37,20,2,M. PLIEZ Eric,229.0
20-38,20,2,M. PLIEZ Eric,237.0
20-39,20,2,M. PLIEZ Eric,172.0
20-40,20,2,M. PLIEZ Eric,199.0
20-41,20,2,M. PLIEZ Eric,225.0
20-42,20,2,M. PLIEZ Eric,321.0
20-43,20,2,M. PLIEZ Eric,424.0
20-44,20,2,M. PLIEZ Eric,442.0
20-45,20,2,M. PLIEZ Eric,398.0
20-46,20,2,M. PLIEZ Eric,341.0
20-47,20,2,M. PLIEZ Eric,363.0
20-48,20,2,M. PLIEZ Eric,423.0
20-49,20,2,M. PLIEZ Eric,474.0
20-50,20,2,M. PLIEZ Eric,430.0
20-51,20,2,M. PLIEZ Eric,374.0
20-52,20,2,M. PLIEZ Eric,268.0
20-53,20,2,M. PLIEZ Eric,273.0
20-54,20,2,M. PLIEZ Eric,171.0
20-55,20,2,M. PLIEZ Eric,146.0
20-56,20,2,M. PLIEZ Eric,168.0
20-57,20,2,M. PLIEZ Eric,248.0
20-58,20,2,M. PLIEZ Eric,416.0
20-59,20,2,M. PLIEZ Eric,374.0
20-60,20,2,M. PLIEZ Eric,295.0
20-61,20,2,M. PLIEZ Eric,298.0
20-62,20,2,M. PLIEZ Eric,265.0
20-63,20,2,M. PLIEZ Eric,194.0
20-64,20,2,M. PLIEZ Eric,265.0
20-65,20,2,M. PLIEZ Eric,309.0
20-66,20,2,M. PLIEZ Eric,230.0
20-67,20,2,M. PLIEZ Eric,304.0
20-68,20,2,M. PLIEZ Eric,294.0
20-69,20,2,M. PLIEZ Eric,325.0
20-70,20,2,M. PLIEZ Eric,377.0
20-71,20,2,M. PLIEZ Eric,408.0
20-72,20,2,M. PLIEZ Eric,318.0
20-73,20,2,M. PLIEZ Eric,429.0
20-74,20,2,M. PLIEZ Eric,449.0
20-75,20,2,M. PLIEZ Eric,278.0
20-76,20,2,M. PLIEZ Eric,444.0
20-1,20,2,M. DIDIER François-Marie,129.0
20-2,20,2,M. DIDIER François-Marie,123.0
20-3,20,2,M. DIDIER François-Marie,107.0
20-4,20,2,M. DIDIER François-Marie,106.0
20-5,20,2,M. DIDIER François-Marie,133.0
20-6,20,2,M. DIDIER François-Marie,135.0
20-7,20,2,M. DIDIER François-Marie,109.0
20-8,20,2,M. DIDIER François-Marie,73.0
20-9,20,2,M. DIDIER François-Marie,102.0
20-10,20,2,M. DIDIER François-Marie,72.0
20-11,20,2,M. DIDIER François-Marie,99.0
20-12,20,2,M. DIDIER François-Marie,71.0
20-13,20,2,M. DIDIER François-Marie,65.0
20-14,20,2,M. DIDIER François-Marie,79.0
20-15,20,2,M. DIDIER François-Marie,119.0
20-16,20,2,M. DIDIER François-Marie,187.0
20-17,20,2,M. DIDIER François-Marie,109.0
20-18,20,2,M. DIDIER François-Marie,113.0
20-19,20,2,M. DIDIER François-Marie,159.0
20-20,20,2,M. DIDIER François-Marie,119.0
20-21,20,2,M. DIDIER François-Marie,130.0
20-22,20,2,M. DIDIER François-Marie,145.0
20-23,20,2,M. DIDIER François-Marie,185.0
20-24,20,2,M. DIDIER François-Marie,136.0
20-25,20,2,M. DIDIER François-Marie,90.0
20-26,20,2,M. DIDIER François-Marie,94.0
20-27,20,2,M. DIDIER François-Marie,145.0
20-28,20,2,M. DIDIER François-Marie,152.0
20-29,20,2,M. DIDIER François-Marie,126.0
20-30,20,2,M. DIDIER François-Marie,88.0
20-31,20,2,M. DIDIER François-Marie,141.0
20-32,20,2,M. DIDIER François-Marie,166.0
20-33,20,2,M. DIDIER François-Marie,114.0
20-34,20,2,M. DIDIER François-Marie,113.0
20-35,20,2,M. DIDIER François-Marie,93.0
20-36,20,2,M. DIDIER François-Marie,91.0
20-37,20,2,M. DIDIER François-Marie,80.0
20-38,20,2,M. DIDIER François-Marie,99.0
20-39,20,2,M. DIDIER François-Marie,115.0
20-40,20,2,M. DIDIER François-Marie,128.0
20-41,20,2,M. DIDIER François-Marie,124.0
20-42,20,2,M. DIDIER François-Marie,106.0
20-43,20,2,M. DIDIER François-Marie,123.0
20-44,20,2,M. DIDIER François-Marie,117.0
20-45,20,2,M. DIDIER François-Marie,122.0
20-46,20,2,M. DIDIER François-Marie,123.0
20-47,20,2,M. DIDIER François-Marie,105.0
20-48,20,2,M. DIDIER François-Marie,124.0
20-49,20,2,M. DIDIER François-Marie,129.0
20-50,20,2,M. DIDIER François-Marie,157.0
20-51,20,2,M. DIDIER François-Marie,146.0
20-52,20,2,M. DIDIER François-Marie,146.0
20-53,20,2,M. DIDIER François-Marie,165.0
20-54,20,2,M. DIDIER François-Marie,94.0
20-55,20,2,M. DIDIER François-Marie,103.0
20-56,20,2,M. DIDIER François-Marie,126.0
20-57,20,2,M. DIDIER François-Marie,151.0
20-58,20,2,M. DIDIER François-Marie,106.0
20-59,20,2,M. DIDIER François-Marie,110.0
20-60,20,2,M. DIDIER François-Marie,118.0
20-61,20,2,M. DIDIER François-Marie,71.0
20-62,20,2,M. DIDIER François-Marie,84.0
20-63,20,2,M. DIDIER François-Marie,78.0
20-64,20,2,M. DIDIER François-Marie,90.0
20-65,20,2,M. DIDIER François-Marie,91.0
20-66,20,2,M. DIDIER François-Marie,121.0
20-67,20,2,M. DIDIER François-Marie,81.0
20-68,20,2,M. DIDIER François-Marie,71.0
20-69,20,2,M. DIDIER François-Marie,101.0
20-70,20,2,M. DIDIER François-Marie,99.0
20-71,20,2,M. DIDIER François-Marie,82.0
20-72,20,2,M. DIDIER François-Marie,77.0
20-73,20,2,M. DIDIER François-Marie,93.0
20-74,20,2,M. DIDIER François-Marie,70.0
20-75,20,2,M. DIDIER François-Marie,85.0
20-76,20,2,M. DIDIER François-Marie,75.0
20-1,20,2,Mme SIMONNET Danielle,62.0
20-2,20,2,Mme SIMONNET Danielle,43.0
20-3,20,2,Mme SIMONNET Danielle,53.0
20-4,20,2,Mme SIMONNET Danielle,67.0
20-5,20,2,Mme SIMONNET Danielle,39.0
20-6,20,2,Mme SIMONNET Danielle,85.0
20-7,20,2,Mme SIMONNET Danielle,69.0
20-8,20,2,Mme SIMONNET Danielle,48.0
20-9,20,2,Mme SIMONNET Danielle,58.0
20-10,20,2,Mme SIMONNET Danielle,51.0
20-11,20,2,Mme SIMONNET Danielle,64.0
20-12,20,2,Mme SIMONNET Danielle,70.0
20-13,20,2,Mme SIMONNET Danielle,80.0
20-14,20,2,Mme SIMONNET Danielle,79.0
20-15,20,2,Mme SIMONNET Danielle,75.0
20-16,20,2,Mme SIMONNET Danielle,68.0
20-17,20,2,Mme SIMONNET Danielle,70.0
20-18,20,2,Mme SIMONNET Danielle,60.0
20-19,20,2,Mme SIMONNET Danielle,70.0
20-20,20,2,Mme SIMONNET Danielle,65.0
20-21,20,2,Mme SIMONNET Danielle,53.0
20-22,20,2,Mme SIMONNET Danielle,63.0
20-23,20,2,Mme SIMONNET Danielle,59.0
20-24,20,2,Mme SIMONNET Danielle,57.0
20-25,20,2,Mme SIMONNET Danielle,59.0
20-26,20,2,Mme SIMONNET Danielle,62.0
20-27,20,2,Mme SIMONNET Danielle,42.0
20-28,20,2,Mme SIMONNET Danielle,45.0
20-29,20,2,Mme SIMONNET Danielle,49.0
20-30,20,2,Mme SIMONNET Danielle,58.0
20-31,20,2,Mme SIMONNET Danielle,42.0
20-32,20,2,Mme SIMONNET Danielle,48.0
20-33,20,2,Mme SIMONNET Danielle,29.0
20-34,20,2,Mme SIMONNET Danielle,54.0
20-35,20,2,Mme SIMONNET Danielle,65.0
20-36,20,2,Mme SIMONNET Danielle,61.0
20-37,20,2,Mme SIMONNET Danielle,64.0
20-38,20,2,Mme SIMONNET Danielle,53.0
20-39,20,2,Mme SIMONNET Danielle,61.0
20-40,20,2,Mme SIMONNET Danielle,60.0
20-41,20,2,Mme SIMONNET Danielle,45.0
20-42,20,2,Mme SIMONNET Danielle,72.0
20-43,20,2,Mme SIMONNET Danielle,80.0
20-44,20,2,Mme SIMONNET Danielle,71.0
20-45,20,2,Mme SIMONNET Danielle,95.0
20-46,20,2,Mme SIMONNET Danielle,71.0
20-47,20,2,Mme SIMONNET Danielle,61.0
20-48,20,2,Mme SIMONNET Danielle,58.0
20-49,20,2,Mme SIMONNET Danielle,60.0
20-50,20,2,Mme SIMONNET Danielle,47.0
20-51,20,2,Mme SIMONNET Danielle,40.0
20-52,20,2,Mme SIMONNET Danielle,67.0
20-53,20,2,Mme SIMONNET Danielle,60.0
20-54,20,2,Mme SIMONNET Danielle,70.0
20-55,20,2,Mme SIMONNET Danielle,47.0
20-56,20,2,Mme SIMONNET Danielle,42.0
20-57,20,2,Mme SIMONNET Danielle,50.0
20-58,20,2,Mme SIMONNET Danielle,67.0
20-59,20,2,Mme SIMONNET Danielle,93.0
20-60,20,2,Mme SIMONNET Danielle,56.0
20-61,20,2,Mme SIMONNET Danielle,81.0
20-62,20,2,Mme SIMONNET Danielle,78.0
20-63,20,2,Mme SIMONNET Danielle,74.0
20-64,20,2,Mme SIMONNET Danielle,41.0
20-65,20,2,Mme SIMONNET Danielle,59.0
20-66,20,2,Mme SIMONNET Danielle,50.0
20-67,20,2,Mme SIMONNET Danielle,66.0
20-68,20,2,Mme SIMONNET Danielle,91.0
20-69,20,2,Mme SIMONNET Danielle,71.0
20-70,20,2,Mme SIMONNET Danielle,87.0
20-71,20,2,Mme SIMONNET Danielle,118.0
20-72,20,2,Mme SIMONNET Danielle,111.0
20-73,20,2,Mme SIMONNET Danielle,96.0
20-74,20,2,Mme SIMONNET Danielle,79.0
20-75,20,2,Mme SIMONNET Danielle,118.0
20-76,20,2,Mme SIMONNET Danielle,89.0
20-1,20,2,Mme CALANDRA Frédérique,36.0
20-2,20,2,Mme CALANDRA Frédérique,47.0
20-3,20,2,Mme CALANDRA Frédérique,49.0
20-4,20,2,Mme CALANDRA Frédérique,60.0
20-5,20,2,Mme CALANDRA Frédérique,70.0
20-6,20,2,Mme CALANDRA Frédérique,50.0
20-7,20,2,Mme CALANDRA Frédérique,48.0
20-8,20,2,Mme CALANDRA Frédérique,67.0
20-9,20,2,Mme CALANDRA Frédérique,34.0
20-10,20,2,Mme CALANDRA Frédérique,21.0
20-11,20,2,Mme CALANDRA Frédérique,41.0
20-12,20,2,Mme CALANDRA Frédérique,39.0
20-13,20,2,Mme CALANDRA Frédérique,34.0
20-14,20,2,Mme CALANDRA Frédérique,51.0
20-15,20,2,Mme CALANDRA Frédérique,56.0
20-16,20,2,Mme CALANDRA Frédérique,62.0
20-17,20,2,Mme CALANDRA Frédérique,48.0
20-18,20,2,Mme CALANDRA Frédérique,50.0
20-19,20,2,Mme CALANDRA Frédérique,62.0
20-20,20,2,Mme CALANDRA Frédérique,36.0
20-21,20,2,Mme CALANDRA Frédérique,47.0
20-22,20,2,Mme CALANDRA Frédérique,42.0
20-23,20,2,Mme CALANDRA Frédérique,75.0
20-24,20,2,Mme CALANDRA Frédérique,60.0
20-25,20,2,Mme CALANDRA Frédérique,50.0
20-26,20,2,Mme CALANDRA Frédérique,38.0
20-27,20,2,Mme CALANDRA Frédérique,44.0
20-28,20,2,Mme CALANDRA Frédérique,46.0
20-29,20,2,Mme CALANDRA Frédérique,62.0
20-30,20,2,Mme CALANDRA Frédérique,31.0
20-31,20,2,Mme CALANDRA Frédérique,42.0
20-32,20,2,Mme CALANDRA Frédérique,40.0
20-33,20,2,Mme CALANDRA Frédérique,30.0
20-34,20,2,Mme CALANDRA Frédérique,35.0
20-35,20,2,Mme CALANDRA Frédérique,43.0
20-36,20,2,Mme CALANDRA Frédérique,29.0
20-37,20,2,Mme CALANDRA Frédérique,40.0
20-38,20,2,Mme CALANDRA Frédérique,33.0
20-39,20,2,Mme CALANDRA Frédérique,35.0
20-40,20,2,Mme CALANDRA Frédérique,52.0
20-41,20,2,Mme CALANDRA Frédérique,39.0
20-42,20,2,Mme CALANDRA Frédérique,55.0
20-43,20,2,Mme CALANDRA Frédérique,68.0
20-44,20,2,Mme CALANDRA Frédérique,67.0
20-45,20,2,Mme CALANDRA Frédérique,73.0
20-46,20,2,Mme CALANDRA Frédérique,79.0
20-47,20,2,Mme CALANDRA Frédérique,57.0
20-48,20,2,Mme CALANDRA Frédérique,57.0
20-49,20,2,Mme CALANDRA Frédérique,72.0
20-50,20,2,Mme CALANDRA Frédérique,72.0
20-51,20,2,Mme CALANDRA Frédérique,77.0
20-52,20,2,Mme CALANDRA Frédérique,47.0
20-53,20,2,Mme CALANDRA Frédérique,72.0
20-54,20,2,Mme CALANDRA Frédérique,30.0
20-55,20,2,Mme CALANDRA Frédérique,44.0
20-56,20,2,Mme CALANDRA Frédérique,48.0
20-57,20,2,Mme CALANDRA Frédérique,54.0
20-58,20,2,Mme CALANDRA Frédérique,63.0
20-59,20,2,Mme CALANDRA Frédérique,60.0
20-60,20,2,Mme CALANDRA Frédérique,59.0
20-61,20,2,Mme CALANDRA Frédérique,49.0
20-62,20,2,Mme CALANDRA Frédérique,29.0
20-63,20,2,Mme CALANDRA Frédérique,33.0
20-64,20,2,Mme CALANDRA Frédérique,42.0
20-65,20,2,Mme CALANDRA Frédérique,63.0
20-66,20,2,Mme CALANDRA Frédérique,54.0
20-67,20,2,Mme CALANDRA Frédérique,33.0
20-68,20,2,Mme CALANDRA Frédérique,33.0
20-69,20,2,Mme CALANDRA Frédérique,24.0
20-70,20,2,Mme CALANDRA Frédérique,67.0
20-71,20,2,Mme CALANDRA Frédérique,47.0
20-72,20,2,Mme CALANDRA Frédérique,35.0
20-73,20,2,Mme CALANDRA Frédérique,27.0
20-74,20,2,Mme CALANDRA Frédérique,40.0
20-75,20,2,Mme CALANDRA Frédérique,29.0
20-76,20,2,Mme CALANDRA Frédérique,30.0
8-1,8,2,Mme D'HAUTESERRE Jeanne,275.0
8-2,8,2,Mme D'HAUTESERRE Jeanne,220.0
8-3,8,2,Mme D'HAUTESERRE Jeanne,224.0
8-4,8,2,Mme D'HAUTESERRE Jeanne,255.0
8-5,8,2,Mme D'HAUTESERRE Jeanne,283.0
8-6,8,2,Mme D'HAUTESERRE Jeanne,196.0
8-7,8,2,Mme D'HAUTESERRE Jeanne,194.0
8-8,8,2,Mme D'HAUTESERRE Jeanne,179.0
8-9,8,2,Mme D'HAUTESERRE Jeanne,296.0
8-10,8,2,Mme D'HAUTESERRE Jeanne,188.0
8-11,8,2,Mme D'HAUTESERRE Jeanne,178.0
8-12,8,2,Mme D'HAUTESERRE Jeanne,188.0
8-13,8,2,Mme D'HAUTESERRE Jeanne,255.0
8-14,8,2,Mme D'HAUTESERRE Jeanne,274.0
8-15,8,2,Mme D'HAUTESERRE Jeanne,290.0
8-16,8,2,Mme D'HAUTESERRE Jeanne,297.0
8-17,8,2,Mme D'HAUTESERRE Jeanne,142.0
8-18,8,2,Mme D'HAUTESERRE Jeanne,154.0
8-1,8,2,Mme LÉCUYER Catherine   ,98.0
8-2,8,2,Mme LÉCUYER Catherine   ,106.0
8-3,8,2,Mme LÉCUYER Catherine   ,153.0
8-4,8,2,Mme LÉCUYER Catherine   ,91.0
8-5,8,2,Mme LÉCUYER Catherine   ,105.0
8-6,8,2,Mme LÉCUYER Catherine   ,76.0
8-7,8,2,Mme LÉCUYER Catherine   ,113.0
8-8,8,2,Mme LÉCUYER Catherine   ,106.0
8-9,8,2,Mme LÉCUYER Catherine   ,127.0
8-10,8,2,Mme LÉCUYER Catherine   ,39.0
8-11,8,2,Mme LÉCUYER Catherine   ,50.0
8-12,8,2,Mme LÉCUYER Catherine   ,84.0
8-13,8,2,Mme LÉCUYER Catherine   ,95.0
8-14,8,2,Mme LÉCUYER Catherine   ,71.0
8-15,8,2,Mme LÉCUYER Catherine   ,58.0
8-16,8,2,Mme LÉCUYER Catherine   ,79.0
8-17,8,2,Mme LÉCUYER Catherine   ,27.0
8-18,8,2,Mme LÉCUYER Catherine   ,34.0
8-1,8,2,Mme MICHEL Athénaïs,84.0
8-2,8,2,Mme MICHEL Athénaïs,83.0
8-3,8,2,Mme MICHEL Athénaïs,86.0
8-4,8,2,Mme MICHEL Athénaïs,56.0
8-5,8,2,Mme MICHEL Athénaïs,120.0
8-6,8,2,Mme MICHEL Athénaïs,130.0
8-7,8,2,Mme MICHEL Athénaïs,144.0
8-8,8,2,Mme MICHEL Athénaïs,175.0
8-9,8,2,Mme MICHEL Athénaïs,128.0
8-10,8,2,Mme MICHEL Athénaïs,67.0
8-11,8,2,Mme MICHEL Athénaïs,97.0
8-12,8,2,Mme MICHEL Athénaïs,90.0
8-13,8,2,Mme MICHEL Athénaïs,110.0
8-14,8,2,Mme MICHEL Athénaïs,96.0
8-15,8,2,Mme MICHEL Athénaïs,80.0
8-16,8,2,Mme MICHEL Athénaïs,63.0
8-17,8,2,Mme MICHEL Athénaïs,36.0
8-18,8,2,Mme MICHEL Athénaïs,34.0
8-1,8,2,Mme SEGOND Sophie    ,91.0
8-2,8,2,Mme SEGOND Sophie    ,86.0
8-3,8,2,Mme SEGOND Sophie    ,115.0
8-4,8,2,Mme SEGOND Sophie    ,110.0
8-5,8,2,Mme SEGOND Sophie    ,112.0
8-6,8,2,Mme SEGOND Sophie    ,118.0
8-7,8,2,Mme SEGOND Sophie    ,121.0
8-8,8,2,Mme SEGOND Sophie    ,89.0
8-9,8,2,Mme SEGOND Sophie    ,112.0
8-10,8,2,Mme SEGOND Sophie    ,41.0
8-11,8,2,Mme SEGOND Sophie    ,77.0
8-12,8,2,Mme SEGOND Sophie    ,80.0
8-13,8,2,Mme SEGOND Sophie    ,68.0
8-14,8,2,Mme SEGOND Sophie    ,69.0
8-15,8,2,Mme SEGOND Sophie    ,83.0
8-16,8,2,Mme SEGOND Sophie    ,121.0
8-17,8,2,Mme SEGOND Sophie    ,23.0
8-18,8,2,Mme SEGOND Sophie    ,27.0
9-1,9,2,M. MAURIN Pierre,86.0
9-2,9,2,M. MAURIN Pierre,87.0
9-3,9,2,M. MAURIN Pierre,80.0
9-4,9,2,M. MAURIN Pierre,85.0
9-5,9,2,M. MAURIN Pierre,123.0
9-6,9,2,M. MAURIN Pierre,101.0
9-7,9,2,M. MAURIN Pierre,152.0
9-8,9,2,M. MAURIN Pierre,107.0
9-9,9,2,M. MAURIN Pierre,114.0
9-10,9,2,M. MAURIN Pierre,104.0
9-11,9,2,M. MAURIN Pierre,76.0
9-12,9,2,M. MAURIN Pierre,87.0
9-13,9,2,M. MAURIN Pierre,89.0
9-14,9,2,M. MAURIN Pierre,109.0
9-15,9,2,M. MAURIN Pierre,128.0
9-16,9,2,M. MAURIN Pierre,98.0
9-17,9,2,M. MAURIN Pierre,168.0
9-18,9,2,M. MAURIN Pierre,87.0
9-19,9,2,M. MAURIN Pierre,89.0
9-20,9,2,M. MAURIN Pierre,110.0
9-21,9,2,M. MAURIN Pierre,105.0
9-22,9,2,M. MAURIN Pierre,105.0
9-23,9,2,M. MAURIN Pierre,87.0
9-24,9,2,M. MAURIN Pierre,76.0
9-25,9,2,M. MAURIN Pierre,90.0
9-26,9,2,M. MAURIN Pierre,102.0
9-27,9,2,M. MAURIN Pierre,96.0
9-1,9,2,Mme BURKLI Delphine,237.0
9-2,9,2,Mme BURKLI Delphine,239.0
9-3,9,2,Mme BURKLI Delphine,255.0
9-4,9,2,Mme BURKLI Delphine,267.0
9-5,9,2,Mme BURKLI Delphine,277.0
9-6,9,2,Mme BURKLI Delphine,226.0
9-7,9,2,Mme BURKLI Delphine,188.0
9-8,9,2,Mme BURKLI Delphine,322.0
9-9,9,2,Mme BURKLI Delphine,374.0
9-10,9,2,Mme BURKLI Delphine,273.0
9-11,9,2,Mme BURKLI Delphine,277.0
9-12,9,2,Mme BURKLI Delphine,240.0
9-13,9,2,Mme BURKLI Delphine,233.0
9-14,9,2,Mme BURKLI Delphine,319.0
9-15,9,2,Mme BURKLI Delphine,284.0
9-16,9,2,Mme BURKLI Delphine,296.0
9-17,9,2,Mme BURKLI Delphine,286.0
9-18,9,2,Mme BURKLI Delphine,280.0
9-19,9,2,Mme BURKLI Delphine,209.0
9-20,9,2,Mme BURKLI Delphine,268.0
9-21,9,2,Mme BURKLI Delphine,286.0
9-22,9,2,Mme BURKLI Delphine,268.0
9-23,9,2,Mme BURKLI Delphine,217.0
9-24,9,2,Mme BURKLI Delphine,321.0
9-25,9,2,Mme BURKLI Delphine,222.0
9-26,9,2,Mme BURKLI Delphine,230.0
9-27,9,2,Mme BURKLI Delphine,216.0
9-1,9,2,M. NGATCHA Arnaud,226.0
9-2,9,2,M. NGATCHA Arnaud,241.0
9-3,9,2,M. NGATCHA Arnaud,223.0
9-4,9,2,M. NGATCHA Arnaud,230.0
9-5,9,2,M. NGATCHA Arnaud,217.0
9-6,9,2,M. NGATCHA Arnaud,167.0
9-7,9,2,M. NGATCHA Arnaud,172.0
9-8,9,2,M. NGATCHA Arnaud,168.0
9-9,9,2,M. NGATCHA Arnaud,174.0
9-10,9,2,M. NGATCHA Arnaud,217.0
9-11,9,2,M. NGATCHA Arnaud,249.0
9-12,9,2,M. NGATCHA Arnaud,250.0
9-13,9,2,M. NGATCHA Arnaud,298.0
9-14,9,2,M. NGATCHA Arnaud,262.0
9-15,9,2,M. NGATCHA Arnaud,247.0
9-16,9,2,M. NGATCHA Arnaud,224.0
9-17,9,2,M. NGATCHA Arnaud,207.0
9-18,9,2,M. NGATCHA Arnaud,238.0
9-19,9,2,M. NGATCHA Arnaud,256.0
9-20,9,2,M. NGATCHA Arnaud,264.0
9-21,9,2,M. NGATCHA Arnaud,254.0
9-22,9,2,M. NGATCHA Arnaud,242.0
9-23,9,2,M. NGATCHA Arnaud,248.0
9-24,9,2,M. NGATCHA Arnaud,224.0
9-25,9,2,M. NGATCHA Arnaud,308.0
9-26,9,2,M. NGATCHA Arnaud,271.0
9-27,9,2,M. NGATCHA Arnaud,351.0
